RootName,SBE_Utterance_Analysis,AAVE_Utterance_Analysis,AAVE_Utterance_lipsync,AAVE_Utterance_Phonetics,SBE_wav_name,SBE_wav_BDM_Nov16,AAVE_wav_name,AAVE_wav_BDM_Nov16, ,Notes_Phono,Notes for recording,Gesture,args,aae_args,Monologue,MonologueNumber,TaskIntro,OnTask,SBE .wav,AAVE .wav,Presentation Mode: test
BD1,Do those middle beams need to go all the way down?,Do those middle beams need to go all the way down?,Do those middle beams need to go all the way down?,Do dhose middle beams go all da way down?,BD1-s.wav,y,BD1-v.wav,y,,,,BD1v,"start=""sp1:start"" end=""sp1:start+2.8""/><face type='FACS' au='4' amount='.3' stroke='sp1:start+0' end='sp1:start+1.9'/><face type='FACS' au='45' amount='.25' stroke='sp1:start+0' end='sp1:start+1'",/><face type='FACS' au='4' amount='.3' stroke='sp1:start+0' end='sp1:start+1.9'/><face type='FACS' au='45' amount='.25' stroke='sp1:start+0' end='sp1:start+1',,1,,x,,,
BD2,"Does it need more beams to um, hold it up better?",Do it need more beams to um hold it up better?,Do it need more beams to um hold it up better?,Do it need more beams to um hold it up better?,BD2-s.wav,y,BD2-v.wav,y,,,,BD2v,"start=""sp1:start"" end=""sp1:start+3.9""/><face type='FACS' au='4' amount='.4' stroke='sp1:start+0' end='sp1:start+3.2'/><face type='FACS' au='45' amount='.4' stroke='sp1:start+1.3' end='sp1:start+3.2'",/><face type='FACS' au='4' amount='.4' stroke='sp1:start+0' end='sp1:start+3.2'/><face type='FACS' au='45' amount='.4' stroke='sp1:start+1.3' end='sp1:start+3.2',,1,,x,,,
BD3,Do you think it has to be the same on both sides?,Do you think it's gotta be the same on both side?,Do you think it's got to be the same on both side?,Do you fink I'ss gotta be da same on bof side?,BD3-s.wav,y,BD3-v.wav,y,,,,BD3v,"start=""sp1:start"" end=""sp1:start+3.5""/><face type='FACS' au='2' amount='.4' stroke='sp1:start+1.7' end='sp1:start+2.7'/><face type='FACS' au='45' amount='.3' stroke='sp1:start+0' end='sp1:start+1.2'/><face type='FACS' au='4' amount='.3' stroke='sp1:start+0' end='sp1:start+1.2'",/><face type='FACS' au='2' amount='.4' stroke='sp1:start+1.8' end='sp1:start+3'/><face type='FACS' au='45' amount='.3' stroke='sp1:start+0' end='sp1:start+1.2'/><face type='FACS' au='4' amount='.3' stroke='sp1:start+0' end='sp1:start+1.2',,1,,x,,,
BD4,"Do you think it needs to be huh  uh, high up or low?","you think it need to be h uh, high up or low?","you think it need to be huh uh, high up or low?","You fink it needa be, huh uh high up or low?",BD4-s.wav,y,BD4-v.wav,y,,,,BD4v,"start=""sp1:start"" end=""sp1:start+4.3""/><face type='FACS' au='2' amount='.4' stroke='sp1:start+2.6' end='sp1:start+3.3'",/><face type='FACS' au='2' amount='.4' stroke='sp1:start+2.4' end='sp1:start+3.4',,1,,x,,,
BD5,Do you think that's gonna be strong enough?,you think that gonna be strong enough?,you think that gonna be strong enough?,You fink dat gonna be strong enough?,BD5-s.wav,y,BD5-v.wav,y,,,,BD5v,"start=""sp1:start"" end=""sp1:start+2.4""/><face type='FACS' au='4' amount='.4' stroke='sp1:start+0' end='sp1:start+1.1'/><face type='FACS' au='45' amount='.4' stroke='sp1:start+0' end='sp1:start+1.1'",/><face type='FACS' au='4' amount='.4' stroke='sp1:start+0' end='sp1:start+1.1'/><face type='FACS' au='45' amount='.4' stroke='sp1:start+0' end='sp1:start+1.1',,1,,x,,,
BD6,Do you think that'll help them stay up?,You think that gonna help them stay up?,You think that gonna help them stay up?,You fink dat gonna help dem stay up?,BD6-s.wav,y,BD6-v.wav,y,britt - redo someday if you can,,,BD6v,"start=""sp1:start"" end=""sp1:start+2.5""/><face type='FACS' au='2' amount='.25' stroke='sp1:start+1.4' end='sp1:start+1.7'",/><face type='FACS' au='2' amount='.25' stroke='sp1:start+1.4' end='sp1:start+1.8',,1,,x,,,
BD7,Is that gonna make it too heavy?,Is that gonna make it too heavy?,Is that gonna make it too heavy?,S'at gon' make it too heavy?,BD7-s.wav,y,BD7-v.wav,y,,,,BD7v,"start=""sp1:start"" end=""sp1:start+2.3""/><face type='FACS' au='4' amount='.4' stroke='sp1:start+.8' end='sp1:start+1.8'/><face type='FACS' au='45' amount='.4' stroke='sp1:start+.8' end='sp1:start+1.8'",/><face type='FACS' au='4' amount='.4' stroke='sp1:start+.8' end='sp1:start+1.8'/><face type='FACS' au='45' amount='.4' stroke='sp1:start+.8' end='sp1:start+1.8',,1,,x,,,
BD8,What about those half way supports? By the top?,What about those half way supports? By the top?,What about those half way supports? By the top?,What 'bout dhose half way supports? By the top?,BD8-s.wav,y,BD8-v.wav,y,,,,BD8v,"start=""sp1:start"" end=""sp1:start+3.6""/><face type='FACS' au='45' amount='.4' stroke='sp1:start+.1' end='sp1:start+2.3'",/><face type='FACS' au='45' amount='.4' stroke='sp1:start+.1' end='sp1:start+2.5',,1,,x,,,
BD9,By the top,By the top,By the top,By dhe top,BD9-s.wav,y,BD9-v.wav,y,,,,BD9v,"start=""sp1:start"" end=""sp1:start+1.1""",,,,,,,,
BD10,I don't think that one's gonna work,I don't think that one gonna work,I don't think that one gonna work,I don't fink dat one gon' work,BD10-s.wav,y,BD10-v.wav,y,,,,BD10v,"start=""sp1:start"" end=""sp1:start+3.1""/><face type='FACS' au='4' amount='.4' stroke='sp1:start+0' end='sp1:start+2.5'/><face type='FACS' au='45' amount='1' stroke='sp1:start+1.5' end='sp1:start+2.4'",/><face type='FACS' au='4' amount='.4' stroke='sp1:start+0' end='sp1:start+2.5'/><face type='FACS' au='45' amount='1' stroke='sp1:start+1.5' end='sp1:start+2.4',,1,,x,,,
BD11,I think the bridge is going to fall over over if it's too high up,I think the bridge  gonna fall over over if it's too high up,I think the bridge  gonna fall over over if it's too high up,I think the bridge  gonna fall over over if it's too high up,BD11-s.wav,y,BD11-v.wav,y,,,,BD11v,"start=""sp1:start"" end=""sp1:start+4.8""/><face type='FACS' au='2' amount='.4' stroke='sp1:start+3.8' end='sp1:start+4.3'/><face type='FACS' au='4' amount='.4' stroke='sp1:start+0' end='sp1:start+1.8'/><face type='FACS' au='45' amount='.4' stroke='sp1:start+0' end='sp1:start+1.8'",/><face type='FACS' au='2' amount='.4' stroke='sp1:start+3.8' end='sp1:start+4'/><face type='FACS' au='4' amount='.4' stroke='sp1:start+0' end='sp1:start+1.8'/><face type='FACS' au='45' amount='.4' stroke='sp1:start+0' end='sp1:start+1.8',,1,,,,,
BD12,"if it's different, then maybe different types of strength can hold it up","if it's different, then maybe different types of strength can hold it up","if it's different, then maybe different types of strength can hold it up","if it's different, then maybe different types of strength can hold it up",BD12-s.wav,y,BD12-v.wav,y,,,,BD12v,"start=""sp1:start"" end=""sp1:start+5.5""/><face type='FACS' au='2' amount='.3' stroke='sp1:start+4.5' end='sp1:start+5.1'",/><face type='FACS' au='2' amount='.3' stroke='sp1:start+4.6' end='sp1:start+5.5',,1,,,,,
BD13,I think that might make it stronger,I think that might make it more stronger,I think that might make it more stronger,I think that might make it more stronger,BD13-s.wav,y,BD13-v.wav,y,,,"""Wait, can we",BD13v,"start=""sp1:start"" end=""sp1:start+3.8""/><face type='FACS' au='4' amount='.4' stroke='sp1:start+0' end='sp1:start+2'/><face type='FACS' au='45' amount='.4' stroke='sp1:start+0' end='sp1:start+2'/><face type='FACS' au='2' amount='.3' stroke='sp1:start+2.5' end='sp1:start+3.4'",/><face type='FACS' au='4' amount='.4' stroke='sp1:start+0' end='sp1:start+2'/><face type='FACS' au='45' amount='.4' stroke='sp1:start+0' end='sp1:start+2'/><face type='FACS' au='2' amount='.3' stroke='sp1:start+2.5' end='sp1:start+3.6',,1,,,,,
BD14,I think that's going to work,I think that's gonna work,I think that's gonna work,I think that's gonna work,BD14-s.wav,y,BD14-v.wav,y,,,,BD14v,"start=""sp1:start"" end=""sp1:start+2.7""/><face type='FACS' au='4' amount='.4' stroke='sp1:start+0' end='sp1:start+1.9'/><face type='FACS' au='45' amount='.4' stroke='sp1:start+0' end='sp1:start+1.9'",/><face type='FACS' au='4' amount='.4' stroke='sp1:start+0' end='sp1:start+1.9'/><face type='FACS' au='45' amount='.4' stroke='sp1:start+0' end='sp1:start+1.9',,1,,,,,
BD15,I think the beams all need to connect to something though,I think the beams all need to connect to something though,I think the beams all need to connect to something though,I think the beams all need to connect to something though,BD15-s.wav,y,BD15-v.wav,y,,,,BD15v,"start=""sp1:start"" end=""sp1:start+3.55""/><face type='FACS' au='4' amount='.4' stroke='sp1:start+0' end='sp1:start+1.5'/><face type='FACS' au='45' amount='.4' stroke='sp1:start+0' end='sp1:start+1.5'",/><face type='FACS' au='4' amount='.4' stroke='sp1:start+0' end='sp1:start+1.5'/><face type='FACS' au='45' amount='.4' stroke='sp1:start+0' end='sp1:start+1.5',,1,,,,,
BD16,"I think the beams can go under the water because they like attach into the ground, um, under the water","I think the beams can go under the water because they like attach into the ground, um, under the water","I think the beams can go under the water because they like attach into the ground, um, under the water","I think the beams can go under the water because they like attach into the ground, um, under the water",BD16-s.wav,y,BD16-v.wav,y,,,"Explaining prosody, as if the kid just said ""WE CAN'T PUT BEAMS INTO THE WATER IDIOT""",BD16v,"start=""sp1:start"" end=""sp1:start+8.9""/><face type='FACS' au='4' amount='.4' stroke='sp1:start+4.5' end='sp1:start+7.7'/><face type='FACS' au='45' amount='.4' stroke='sp1:start+4.5' end='sp1:start+7.7'/><face type='FACS' au='2' amount='.3' stroke='sp1:start+8.2' end='sp1:start+8.7'",/><face type='FACS' au='4' amount='.4' stroke='sp1:start+4.5' end='sp1:start+7.4'/><face type='FACS' au='45' amount='.4' stroke='sp1:start+4.5' end='sp1:start+7.4'/><face type='FACS' au='2' amount='.3' stroke='sp1:start+8.1' end='sp1:start+8.7',,1,,,,,
BD17,I think the beams need to touch the ground,I think the beams they need to touch the ground,I think the beams they need to touch the ground,I think the beams they need to touch the ground,BD17-s.wav,y,BD17-v.wav,y,noise in background on aave one,,,BD17v,"start=""sp1:start"" end=""sp1:start+3.7""/><face type='FACS' au='4' amount='.4' stroke='sp1:start+1.9' end='sp1:start+2.3'/><face type='FACS' au='45' amount='.3' stroke='sp1:start+1.9' end='sp1:start+2.3'",/><face type='FACS' au='4' amount='.4' stroke='sp1:start+1.4' end='sp1:start+2.2'/><face type='FACS' au='45' amount='.3' stroke='sp1:start+1.4' end='sp1:start+2.2',,1,,,,,
BD18,I think the beams should be really thick,I think the beams should be real thick,I think the beams should be real thick,I think the beams should be real thick,BD18-s.wav,y,BD18-v.wav,y,,,,BD18v,"start=""sp1:start"" end=""sp1:start+2.9""/><face type='FACS' au='2' amount='.2' stroke='sp1:start+0' end='sp1:start+.5'/><face type='FACS' au='4' amount='.4' stroke='sp1:start+1.4' end='sp1:start+2.4'/><face type='FACS' au='45' amount='.3' stroke='sp1:start+1.4' end='sp1:start+2.4'",/><face type='FACS' au='2' amount='.2' stroke='sp1:start+0' end='sp1:start+.5'/><face type='FACS' au='4' amount='.4' stroke='sp1:start+1.5' end='sp1:start+2.6'/><face type='FACS' au='45' amount='.3' stroke='sp1:start+1.5' end='sp1:start+2.6',,1,,,,,
BD19,I think the side beams are strongest if they're like triangle shaped.,I think the side beams strongest if they like triangle shape.,I think the side beams strongest if they like triangle shape.,I think the side beams strongest if they like triangle shape.,BD19-s.wav,y,BD19-v.wav,y,,,,BD19v,"start=""sp1:start"" end=""sp1:start+6.75""/><face type='FACS' au='2' amount='.4' stroke='sp1:start+1.8' end='sp1:start+3.5'",/><face type='FACS' au='2' amount='.4' stroke='sp1:start+1.8' end='sp1:start+3.4',,1,,,,,
BD20,If it's taller then maybe we need more support beams? So it's more sturdy?,If it be taller then maybe we need more support beams? So it's more sturdier?,If it be taller then maybe we need more support beams? So it's more sturdier?,If it be taller then maybe we need more support beams? So it's more sturdier?,BD20-s.wav,y,BD20-v.wav,y,,,,BD20v,"start=""sp1:start"" end=""sp1:start+6.1""/><face type='FACS' au='4' amount='.4' stroke='sp1:start+2.4' end='sp1:start+3.5'/><face type='FACS' au='45' amount='.4' stroke='sp1:start+2.4' end='sp1:start+3.5'/><face type='FACS' au='2' amount='.3' stroke='sp1:start+5.1' end='sp1:start+5.7'",/><face type='FACS' au='4' amount='.4' stroke='sp1:start+2.9' end='sp1:start+4.3'/><face type='FACS' au='45' amount='.4' stroke='sp1:start+2.9' end='sp1:start+4.3'/><face type='FACS' au='2' amount='.3' stroke='sp1:start+5.5' end='sp1:start+6.3',,1,,,,,
BD21,I think   lots of blocks on the bottom of the beams and then less blocks at the top,I think ...  lots of blocks on the bottom of the beam and then less blocks at the top,I think   lots of blocks on the bottom of the beam and then less blocks at the top,I think ...  lots of blocks on the bottom of the beam and then less blocks at the top,BD21-s.wav,y,BD21-v.wav,y,,,,BD21v,"start=""sp1:start"" end=""sp1:start+7.8""/><face type='FACS' au='4' amount='.4' stroke='sp1:start+5' end='sp1:start+6.4'/><face type='FACS' au='45' amount='.4' stroke='sp1:start+5' end='sp1:start+6.4'/><face type='FACS' au='2' amount='.25' stroke='sp1:start+3.5' end='sp1:start+4.1'",/><face type='FACS' au='4' amount='.4' stroke='sp1:start+4' end='sp1:start+6.9'/><face type='FACS' au='45' amount='.4' stroke='sp1:start+4' end='sp1:start+6.9'/><face type='FACS' au='2' amount='.25' stroke='sp1:start+3.5' end='sp1:start+4',,,,,,,
BD22,I think we should give it a really strong base,I think we should give it a real strong base,I think we should give it a real strong base,I think we should give it a real strong base,BD22-s.wav,y,BD22-v.wav,y,,,,BD22v,"start=""sp1:start"" end=""sp1:start+4.5""/><face type='FACS' au='2' amount='.4' stroke='sp1:start+3.4' end='sp1:start+4'",/><face type='FACS' au='2' amount='.4' stroke='sp1:start+3.8' end='sp1:start+4.5',,1,,,,,
BD23,I think we should put more blocks near the base so the beams are really strong,I think we should put more blocks near the base so the beams real strong,I think we should put more blocks near the base so the beams real strong,I think we should put more blocks near the base so the beams real strong,BD23-s.wav,y,BD23-v.wav,y,,,,BD23v,"start=""sp1:start"" end=""sp1:start+5.5""/><face type='FACS' au='2' amount='.4' stroke='sp1:start+2.6' end='sp1:start+3.3'/><face type='FACS' au='45' amount='.3' stroke='sp1:start+4.6' end='sp1:start+5.1'",/><face type='FACS' au='2' amount='.4' stroke='sp1:start+2.8' end='sp1:start+3.4'/><face type='FACS' au='45' amount='.3' stroke='sp1:start+4.8' end='sp1:start+5.2',,1,,,,,
BD24,"I think we should try to make it equal, um, amounts of strong across the whole bridge","I think we should try to make it equal, um, amounts of strong across the whole bridge","I think we should try to make it equal, um, amounts of strong across the whole bridge","I think we should try to make it equal, um, amounts of strong across the whole bridge",BD24-s.wav,y,BD24-v.wav,y,,,,BD24v,"start=""sp1:start"" end=""sp1:start+6.8""/><face type='FACS' au='4' amount='.4' stroke='sp1:start+2.6' end='sp1:start+3.35'/><face type='FACS' au='45' amount='.29' stroke='sp1:start+2.6' end='sp1:start+3.35'/><face type='FACS' au='2' amount='.25' stroke='sp1:start+5.6' end='sp1:start+6.1'",/><face type='FACS' au='4' amount='.4' stroke='sp1:start+2.6' end='sp1:start+3.35'/><face type='FACS' au='45' amount='.29' stroke='sp1:start+2.6' end='sp1:start+3.35'/><face type='FACS' au='2' amount='.25' stroke='sp1:start+5.5' end='sp1:start+6.1',,1,,,,,
BD25,I wonder how we can make it stronger without making it taller,I wonder how we can make it stronger without making it more taller,I wonder how we can make it stronger without making it more taller,I wonder how we can make it stronger without making it more taller,If it's different though then do one side be stronger?,y,BD25-v.wav,y,,,,BD25?,"start=""sp1:start"" end=""sp1:start+6.45""/><face type='FACS' au='4' amount='.4' stroke='sp1:start+0' end='sp1:start+3.1'/><face type='FACS' au='45' amount='.3' stroke='sp1:start+0' end='sp1:start+3.1'",/><face type='FACS' au='4' amount='.4' stroke='sp1:start+0' end='sp1:start+3'/><face type='FACS' au='45' amount='.3' stroke='sp1:start+0' end='sp1:start+3',,1,,,,,
BD26,If it's different though then will one side be stronger?,If it's different though then do one side be stronger?,If it's different though then do one side be stronger?,If it's different though then do one side be stronger?,BD26-s.wav,y,BD26-v.wav,y,,,,BD26v,"start=""sp1:start"" end=""sp1:start+4.5""/><face type='FACS' au='4' amount='.4' stroke='sp1:start+2.5' end='sp1:start+3.8'/><face type='FACS' au='45' amount='.3' stroke='sp1:start+2.5' end='sp1:start+3.8'",/><face type='FACS' au='4' amount='.4' stroke='sp1:start+2.5' end='sp1:start+3.8'/><face type='FACS' au='45' amount='.3' stroke='sp1:start+2.5' end='sp1:start+3.8',,1,,,,,
BD27,"If it's higher then, um, more blocks will be able to hold it up","If it's higher then, um, more blocks  able to hold it up","If it's higher then, um, more blocks  able to hold it up","If it's higher then, um, more blocks  able to hold it up",BD27-s.wav,y,BD27-v.wav,y,britt - don't love this one,,,BD27v,"start=""sp1:start"" end=""sp1:start+5.4""/><face type='FACS' au='4' amount='.4' stroke='sp1:start+1' end='sp1:start+2.6'/><face type='FACS' au='45' amount='.3' stroke='sp1:start+1' end='sp1:start+2.6'",/><face type='FACS' au='4' amount='.4' stroke='sp1:start+1' end='sp1:start+2.6'/><face type='FACS' au='45' amount='.3' stroke='sp1:start+1' end='sp1:start+2.6',,,,,,,
BD28,If it's too low though then the beams won't have room to have a lot of blocks,If it's too low though then the beams ain't got no room to have lots of blocks,If it's too low though then the beams ain't got no room to have lots of blocks,If it's too low though then the beams ain't got no room to have lots of blocks,BD28-s.wav,y,BD28-v.wav,y,,,,BD28v,"start=""sp1:start"" end=""sp1:start+5.8""/><face type='FACS' au='2' amount='.4' stroke='sp1:start+4.4' end='sp1:start+5.1'",/><face type='FACS' au='2' amount='.4' stroke='sp1:start+4.5' end='sp1:start+5.1',,1,,,,,
BD29,"Maybe if there's too many blocks on top, those beams are gonna break","Maybe if there's too many blocks on top, those beams are gonna break","Maybe if there's too many blocks on top, those beams are gonna break","Maybe if it's too many blocks on top, those beams  gonna break",BD29-s.wav,y,BD29-v.wav,y,exit,,,BD29v,"start=""sp1:start"" end=""sp1:start+5.3""/><face type='FACS' au='2' amount='.4' stroke='sp1:start+2.3' end='sp1:start+3'",/><face type='FACS' au='2' amount='.4' stroke='sp1:start+2.6' end='sp1:start+3.4',,1,,,,,
BD30,"If we just add more bricks to the bottom of the across part, will that make it   stronger?","If we just add more bricks to the bottom of the across part, do that make it  more  stronger?","If we just add more bricks to the bottom of the across part, do that make it  more  stronger?","If we just add more bricks to the bottom of the across part, do that make it more  stronger?",BD30-s.wav,y,BD30-v.wav,y,"Britt -  wish this were ""does that make it""",,,BD30v,"start=""sp1:start"" end=""sp1:start+7.4""/><face type='FACS' au='4' amount='.4' stroke='sp1:start+4.9' end='sp1:start+6.8'/><face type='FACS' au='45' amount='.3' stroke='sp1:start+4.9' end='sp1:start+6.8'",/><face type='FACS' au='4' amount='.4' stroke='sp1:start+4.9' end='sp1:start+7'/><face type='FACS' au='45' amount='.3' stroke='sp1:start+4.9' end='sp1:start+7',,1,,,,,
BD31,It needs to be tall enough for that boat to go under it I think,It need to be tall enough for that boat to go under it I think,It need to be tall enough for that boat to go under it I think,It need to be tall enough for that boat to go under it I think,BD31-s.wav,y,BD31-v.wav,y,,,,BD31v,"start=""sp1:start"" end=""sp1:start+4.6""",,,1,,,,,
BD32,"It'll probably need a few, um, beams on both sides","It probably need a few, um, beams on both side","It probably need a few, um, beams on both side","It probably need a few, um, beams on both side",BD32-s.wav,y,BD32-v.wav,y,,,,BD32v,"start=""sp1:start"" end=""sp1:start+6.2""/><face type='FACS' au='4' amount='.4' stroke='sp1:start+2.5' end='sp1:start+3.7'/><face type='FACS' au='45' amount='.3' stroke='sp1:start+2.5' end='sp1:start+3.7'",/><face type='FACS' au='4' amount='.4' stroke='sp1:start+2.6' end='sp1:start+3.8'/><face type='FACS' au='45' amount='.3' stroke='sp1:start+2.6' end='sp1:start+3.8',,1,,,,,
BD33,"it's just um, extra weight I think   unless they're holding the beams together?","it's just um, extra weight I think ...  unless they holding the beams together?","it's just um, extra weight I think   unless they holding the beams together?","it's just um, extra weight I think ...  unless they holding the beams together?",BD33-s.wav,y,BD33-v.wav,y,,,,BD33v,"start=""sp1:start"" end=""sp1:start+6.9""/><face type='FACS' au='4' amount='.4' stroke='sp1:start+0' end='sp1:start+4'/><face type='FACS' au='45' amount='.3' stroke='sp1:start+0' end='sp1:start+4.1'/><face type='FACS' au='45' amount='.2' stroke='sp1:start+6' end='sp1:start+6.6'/><face type='FACS' au='4' amount='.3' stroke='sp1:start+6' end='sp1:start+6.6'",/><face type='FACS' au='4' amount='.4' stroke='sp1:start+0' end='sp1:start+3.3'/><face type='FACS' au='45' amount='.3' stroke='sp1:start+0' end='sp1:start+3.8'/><face type='FACS' au='45' amount='.2' stroke='sp1:start+6.3' end='sp1:start+7'/><face type='FACS' au='4' amount='.3' stroke='sp1:start+6.3' end='sp1:start+7',,1,,,,,
BD34,It's not a bridge if it's not off the ground at all!,It ain't no bridge if it ain't off the ground at all!,It ain't no bridge if it ain't off the ground at all!,It ain't no bridge if it ain't off the ground at all!,BD34-s.wav,y,BD34-v.wav,y,,,,BD34v,"start=""sp1:start"" end=""sp1:start+3.3""/><face type='FACS' au='4' amount='.3' stroke='sp1:start+0' end='sp1:start+1'/><face type='FACS' au='45' amount='1' stroke='sp1:start+0' end='sp1:start+1'/><face type='FACS' au='2' amount='.25' stroke='sp1:start+2.4' end='sp1:start+2.8'",/><face type='FACS' au='4' amount='.3' stroke='sp1:start+0' end='sp1:start+.9'/><face type='FACS' au='45' amount='1' stroke='sp1:start+0' end='sp1:start+.9'/><face type='FACS' au='2' amount='.25' stroke='sp1:start+2.4' end='sp1:start+2.8',,1,,,,,
BD35,It's probably gonna be stronger with more beams,It's probably gonna be more stronger with more beams,It's probably gonna be more stronger with more beams,It's probably gonna be more stronger with more beams,BD35-s.wav,y,BD35-v.wav,y,,,,BD35v,"start=""sp1:start"" end=""sp1:start+3.6""",,,1,,,,,
BD36,Like a rectangle?,Like a rectangle?,Like a rectangle?,Like a rectangle?,BD36-s.wav,y,BD36-v.wav,y,,,,BD36v,"start=""sp1:start"" end=""sp1:start+3.1""/><face type='FACS' au='4' amount='.4' stroke='sp1:start+1.4' end='sp1:start+2.3'/><face type='FACS' au='45' amount='.25' stroke='sp1:start+1.4' end='sp1:start+2.3'",/><face type='FACS' au='4' amount='.4' stroke='sp1:start+1.4' end='sp1:start+2.2'/><face type='FACS' au='45' amount='.25' stroke='sp1:start+1.4' end='sp1:start+2.2',,1,,,,,
BD37,Like a triangle?,Like a triangle?,Like a triangle?,Like a triangle?,BD37-s.wav,y,BD37-v.wav,y,,,,BD37v,"start=""sp1:start"" end=""sp1:start+2.7""/><face type='FACS' au='4' amount='.4' stroke='sp1:start+1.2' end='sp1:start+2.35'/><face type='FACS' au='45' amount='.25' stroke='sp1:start+1.2' end='sp1:start+2.35'",/><face type='FACS' au='4' amount='.4' stroke='sp1:start+1.1' end='sp1:start+2.1'/><face type='FACS' au='45' amount='.25' stroke='sp1:start+1.1' end='sp1:start+2.1',,1,,,,,
BD38,Maybe it needs like stairs,Maybe it need like stairs,Maybe it need like stairs,Maybe it need like stairs,BD38-s.wav,y,BD38-v.wav,y,,,Playful kind of like a joke. ,BD38v,"start=""sp1:start"" end=""sp1:start+3.6""/><face type='FACS' au='45' amount='.25' stroke='sp1:start+0' end='sp1:start+1'/><face type='FACS' au='4' amount='.25' stroke='sp1:start+0' end='sp1:start+1'",/><face type='FACS' au='45' amount='.25' stroke='sp1:start+0' end='sp1:start+1'/><face type='FACS' au='4' amount='.25' stroke='sp1:start+0' end='sp1:start+1',,1,,,,,
BD39,Maybe it's gonna be stronger if it's thicker on the bottom,Maybe it's gonna be stronger if it's thicker on the bottom,Maybe it's gonna be stronger if it's thicker on the bottom,Maybe it's gonna be stronger if it's thicker on the bottom,BD39-s.wav,y,BD39-v.wav,y,,,,BD39v,"start=""sp1:start"" end=""sp1:start+4.1""/><face type='FACS' au='2' amount='.3' stroke='sp1:start+3' end='sp1:start+3.55'",/><face type='FACS' au='2' amount='.3' stroke='sp1:start+3.5' end='sp1:start+4',,1,,,,,
BD40,Maybe having more blocks in the beams makes them stronger,Maybe having more blocks in the beams make them more stronger,Maybe having more blocks in the beams make them more stronger,Maybe having more blocks in the beams make them more stronger,BD40-s.wav,y,BD40-v.wav,y,,,,BD40v,"start=""sp1:start"" end=""sp1:start+5.2""/><face type='FACS' au='2' amount='.3' stroke='sp1:start+3.8' end='sp1:start+4.5'/><face type='FACS' au='4' amount='.3' stroke='sp1:start+0' end='sp1:start+1.5'/><face type='FACS' au='45' amount='.3' stroke='sp1:start+0' end='sp1:start+1.5'",/><face type='FACS' au='2' amount='.3' stroke='sp1:start+3.8' end='sp1:start+4.6'/><face type='FACS' au='4' amount='.3' stroke='sp1:start+0' end='sp1:start+1.5'/><face type='FACS' au='45' amount='.3' stroke='sp1:start+0' end='sp1:start+1.5',,1,,,,,
BD41,Those half way beams aren't even doing anything.,Those half way beams ain't even doing nothing,Those half way beams ain't even doing nothing,Those half way beams ain't even doing nothing,BD41-s.wav,y,BD41-v.wav,y,,,,BD41v,"start=""sp1:start"" end=""sp1:start+3.2""/><face type='FACS' au='4' amount='.4' stroke='sp1:start+1.19' end='sp1:start+2.1'/><face type='FACS' au='45' amount='1' stroke='sp1:start+1.19' end='sp1:start+2.1'",/><face type='FACS' au='4' amount='.4' stroke='sp1:start+1.19' end='sp1:start+2.2'/><face type='FACS' au='45' amount='1' stroke='sp1:start+1.19' end='sp1:start+2.2',,1,,,,,
BD42,Maybe they're fine in the water if they're thick enough so they don't get knocked down,Maybe they fine in the water if they thick enough so they ain't get knocked down,Maybe they fine in the water if they thick enough so they ain't get knocked down,Maybe they fine in the water if they thick enough so they ain't get knocked down,BD42-s.wav,y,BD42-v.wav,y,,,,BD42v,"start=""sp1:start"" end=""sp1:start+6.6""/><face type='FACS' au='4' amount='.3' stroke='sp1:start+1.4' end='sp1:start+4'/><face type='FACS' au='45' amount='.3' stroke='sp1:start+1.4' end='sp1:start+4'",/><face type='FACS' au='4' amount='.3' stroke='sp1:start+1' end='sp1:start+4.4'/><face type='FACS' au='45' amount='.3' stroke='sp1:start+1' end='sp1:start+4.4',,1,,,,,
BD43,Maybe we could make really big beams on both sides,Maybe we could make real big beam on both sides,Maybe we could make real big beam on both sides,Maybe we could make real big beam on both sides,BD43-s.wav,y,BD43-v.wav,y,,,,BD43v,"start=""sp1:start"" end=""sp1:start+3.25""/><face type='FACS' au='2' amount='.3' stroke='sp1:start+2.2' end='sp1:start+2.8'",/><face type='FACS' au='2' amount='.3' stroke='sp1:start+2.3' end='sp1:start+2.9',,1,,,,,
BD44,Maybe we could make the base like really thick,Maybe we could make the base like real thick,Maybe we could make the base like real thick,Maybe we could make the base like real thick,BD44-s.wav,y,BD44-v.wav,y,,,,BD44v,"start=""sp1:start"" end=""sp1:start+3.6""/><face type='FACS' au='2' amount='.3' stroke='sp1:start+2' end='sp1:start+3.1'",/><face type='FACS' au='2' amount='.3' stroke='sp1:start+2.2' end='sp1:start+3.2',,1,,,,,
BD45,Maybe we need more beams to make it stronger,Maybe we need more beams to make it more stronger,Maybe we need more beams to make it more stronger,Maybe we need more beams to make it more stronger,BD45-s.wav,y,BD45-v.wav,y,,,,BD45v,"start=""sp1:start"" end=""sp1:start+3.6""/><face type='FACS' au='2' amount='.3' stroke='sp1:start+1.1' end='sp1:start+1.9'",/><face type='FACS' au='2' amount='.3' stroke='sp1:start+1' end='sp1:start+1.8',,1,,,,,
BD46,Maybe we should make it lower so it has less room to wiggle around,Maybe we should make it lower so it got less room to wiggle around,Maybe we should make it lower so it got less room to wiggle round,Maybe we should make it lower so it got less room to wiggle 'roun,BD46-s.wav,y,BD46-v.wav,y,,,,BD46v,"start=""sp1:start"" end=""sp1:start+5.1""/><face type='FACS' au='2' amount='.3' stroke='sp1:start+1.5' end='sp1:start+2.1'",/><face type='FACS' au='2' amount='.3' stroke='sp1:start+1.2' end='sp1:start+1.9',,1,,,,,
BD47,Maybe we should make it taller so it's bigger and stronger,Maybe we should make it taller so it's more bigger and stronger,Maybe we should make it taller so it's more bigger and stronger,Maybe we should make it taller so it's more bigger and stronger,BD47-s.wav,y,BD47-v.wav,y,,,,BD47v,"start=""sp1:start"" end=""sp1:start+4.7""/><face type='FACS' au='2' amount='.3' stroke='sp1:start+2.8' end='sp1:start+4'",/><face type='FACS' au='2' amount='.3' stroke='sp1:start+3.1' end='sp1:start+4.2',,1,,,,,
BD48,No beams at the top part?,No beams at the top part?,No beams at the top part?,No beams at the top part?,BD48-s.wav,y,BD48-v.wav,y,,,,BD48v,"start=""sp1:start"" end=""sp1:start+2.5""/><face type='FACS' au='4' amount='.3' stroke='sp1:start+.1' end='sp1:start+2'/><face type='FACS' au='45' amount='.25' stroke='sp1:start+.1' end='sp1:start+2'",/><face type='FACS' au='4' amount='.3' stroke='sp1:start+.1' end='sp1:start+2'/><face type='FACS' au='45' amount='.25' stroke='sp1:start+.1' end='sp1:start+2',,1,,,,,
BD49,What about that beam across the middle?,What about that beam across the middle?,What about that beam cross the middle?,What about that beam cross the middle?,BD49-s.wav,y,BD49-v.wav,y,,,,BD49v,"start=""sp1:start"" end=""sp1:start+2.8""/><face type='FACS' au='2' amount='.3' stroke='sp1:start+1.7' end='sp1:start+2.1'",/><face type='FACS' au='2' amount='.3' stroke='sp1:start+1.9' end='sp1:start+2.4',,1,,,,,
BD50,one beam in the water?,one beam in the water?,one beam in the water?,one beam in the water?,BD50-s.wav,y,BD50-v.wav,y,,,,BD50v,"start=""sp1:start"" end=""sp1:start+1.8""/><face type='FACS' au='4' amount='.3' stroke='sp1:start+0' end='sp1:start+1.3'/><face type='FACS' au='45' amount='.3' stroke='sp1:start+0' end='sp1:start+1.3'",/><face type='FACS' au='4' amount='.3' stroke='sp1:start+0' end='sp1:start+1.3'/><face type='FACS' au='45' amount='.3' stroke='sp1:start+0' end='sp1:start+1.3',,1,,,,,
BD51,One beam or do you think more?,One beam or do you think more?,One beam or do you think more?,One beam or do you think more?,BD51-s.wav,y,BD51-v.wav,y,,,,BD51v,"start=""sp1:start"" end=""sp1:start+2.8""/><face type='FACS' au='4' amount='.3' stroke='sp1:start+0' end='sp1:start+1.5'/><face type='FACS' au='45' amount='.3' stroke='sp1:start+0' end='sp1:start+1.5'",/><face type='FACS' au='4' amount='.3' stroke='sp1:start+0' end='sp1:start+1.5'/><face type='FACS' au='45' amount='.3' stroke='sp1:start+0' end='sp1:start+1.5',,1,,,,,
BD52,People are gonna fall,People gonna fall,People gonna fall,People gonna fall,BD52-s.wav,y,BD52-v.wav,y,,,,BD52v,"start=""sp1:start"" end=""sp1:start+1.8""",,,1,,,,,
BD53,Does it need to be like   more than one level? Like multi level?,Do it need to be like ...  more than one level? Like multi-level?,Do it need to be like   more than one level? Like multi level?,Do it need to be like ...  more than one level? Like multi-level?,BD53-s.wav,y,BD53-v.wav,y,,,,BD53v,"start=""sp1:start"" end=""sp1:start+5.2""/><face type='FACS' au='2' amount='.3' stroke='sp1:start+3.7' end='sp1:start+4.6'",/><face type='FACS' au='2' amount='.3' stroke='sp1:start+3.8' end='sp1:start+4.7',,1,,,,,
BD54,So it helps like support it,So it help like support it,So it help like support it,So it help like support it,BD54-s.wav,y,BD54-v.wav,y,,,,BD54v,"start=""sp1:start"" end=""sp1:start+2.7""",,,1,,,,,
BD55,So the ground helps like support it,So the ground help like support it,So the ground help like support it,So the ground help like support it,BD55-s.wav,y,BD55-v.wav,y,,,,BD55v,"start=""sp1:start"" end=""sp1:start+3.7""/><face type='FACS' au='4' amount='.35' stroke='sp1:start+0' end='sp1:start+2'/><face type='FACS' au='45' amount='.3' stroke='sp1:start+0' end='sp1:start+2'",/><face type='FACS' au='4' amount='.35' stroke='sp1:start+0' end='sp1:start+2'/><face type='FACS' au='45' amount='.3' stroke='sp1:start+0' end='sp1:start+2',,1,,,,,
BD56,So we're having a middle beam that goes across the whole thing?,So we having a middle beam that go across the whole thing?,So we having a middle beam that go across the whole thing?,So we having a middle beam that go across the whole thing?,BD56-s.wav,y,BD56-v.wav,y,,,,BD56v,"start=""sp1:start"" end=""sp1:start+4.5""/><face type='FACS' au='4' amount='.4' stroke='sp1:start+3.1' end='sp1:start+4'/><face type='FACS' au='45' amount='.3' stroke='sp1:start+3.1' end='sp1:start+4'",/><face type='FACS' au='4' amount='.4' stroke='sp1:start+2.9' end='sp1:start+3.9'/><face type='FACS' au='45' amount='.3' stroke='sp1:start+2.9' end='sp1:start+3.9',,1,,,,,
BD57,So what if we do just one beam in the water?,So what if we do just one beam in the water?,So what if we do just one beam in the water?,So what if we do just one beam in the water?,BD57-s.wav,y,BD57-v.wav,y,,,,BD57v,"start=""sp1:start"" end=""sp1:start+3.9""/><face type='FACS' au='45' amount='.3' stroke='sp1:start+0' end='sp1:start+2'/><face type='FACS' au='4' amount='.3' stroke='sp1:start+0' end='sp1:start+2'",/><face type='FACS' au='45' amount='.3' stroke='sp1:start+0' end='sp1:start+2'/><face type='FACS' au='4' amount='.3' stroke='sp1:start+0' end='sp1:start+2',,1,,,,,
BD58,So what if we do three beams in the water?,So what if we do three beams in the water?,So what if we do three beams in the water?,So what if we do three beams in the water?,BD58-s.wav,y,BD58-v.wav,y,,,,BD58v,"start=""sp1:start"" end=""sp1:start+3.2""/><face type='FACS' au='45' amount='.3' stroke='sp1:start+0' end='sp1:start+2'/><face type='FACS' au='4' amount='.3' stroke='sp1:start+0' end='sp1:start+2'",/><face type='FACS' au='45' amount='.3' stroke='sp1:start+0' end='sp1:start+2'/><face type='FACS' au='4' amount='.3' stroke='sp1:start+0' end='sp1:start+2',,1,,,,,
BD59,That's a wall!,That's a wall!,That's a wall!,That's a wall!,BD59-s.wav,y,BD59-v.wav,y,,,"Playful, in case the kid says something like ""THE WHOLE BASE SHOULD JUST BE A BEAM""",BD59v,"start=""sp1:start"" end=""sp1:start+1.4""/><face type='FACS' au='2' amount='.4' stroke='sp1:start+.5' end='sp1:start+1.3'",/><face type='FACS' au='2' amount='.4' stroke='sp1:start+.5' end='sp1:start+1.2',,1,,,,,
BD60,I think those beams have to be bigger to hold up those weights,I think those beams got to be more bigger to hold up those weights,I think those beams got to be more bigger to hold up those weights,I think those beams got to be more bigger to hold up those weights,BD60-s.wav,y,BD60-v.wav,y,,,,BD60v,"start=""sp1:start"" end=""sp1:start+3.6""",,,1,,,,,
BD61,They're probably gonna be stronger if they're bigger,They probably gonna be stronger if they bigger,They probably gonna be stronger if they bigger,They probably gonna be stronger if they bigger,BD61-s.wav,y,BD61-v.wav,y,,,,BD61v,"start=""sp1:start"" end=""sp1:start+3.5""/><face type='FACS' au='2' amount='.4' stroke='sp1:start+1.2' end='sp1:start+1.7'",/><face type='FACS' au='2' amount='.4' stroke='sp1:start+1' end='sp1:start+1.5',,1,,,,,
BD62,three beams at the top part?,three beams at the top part?,three beams at the top part?,three beams at the top part?,BD62-s.wav,y,BD62-v.wav,y,,,,BD62v,"start=""sp1:start"" end=""sp1:start+2""/><face type='FACS' au='4' amount='.3' stroke='sp1:start+0' end='sp1:start+1.7'/><face type='FACS' au='45' amount='.3' stroke='sp1:start+0' end='sp1:start+1.7'",/><face type='FACS' au='4' amount='.3' stroke='sp1:start+0' end='sp1:start+1.5'/><face type='FACS' au='45' amount='.3' stroke='sp1:start+0' end='sp1:start+1.5',,1,,,,,
BD63,three beams in the water?,three beams in the water?,three beams in the water?,three beams in the water?,BD63-s.wav,y,BD63-v.wav,y,,,,BD62v,"start=""sp1:start"" end=""sp1:start+1.8""/><face type='FACS' au='4' amount='.3' stroke='sp1:start+0' end='sp1:start+1.3'/><face type='FACS' au='45' amount='.3' stroke='sp1:start+0' end='sp1:start+1.3'",/><face type='FACS' au='4' amount='.3' stroke='sp1:start+0' end='sp1:start+1.2'/><face type='FACS' au='45' amount='.3' stroke='sp1:start+0' end='sp1:start+1.2',,1,,,,,
BD64,Wait can the bricks even go like that?!,Wait can the bricks even go like that?!,Wait can the bricks even go like that?!,Wait can the bricks even go like that?!,BD64-s.wav,y,BD64-v.wav,y,,,Playful,BD64v,"start=""sp1:start"" end=""sp1:start+3.3""/><face type='FACS' au='4' amount='.3' stroke='sp1:start+0' end='sp1:start+2.8'/><face type='FACS' au='45' amount='.3' stroke='sp1:start+0' end='sp1:start+2.8'",/><face type='FACS' au='4' amount='.3' stroke='sp1:start+0' end='sp1:start+2.7'/><face type='FACS' au='45' amount='.3' stroke='sp1:start+0' end='sp1:start+2.7',,1,,,,,
BD65,"Wait, at the top or at the bottom?","Wait, at the top or at the bottom?","Wait, at the top or at the bottom?","Wait, at the top or at the bottom?",BD65-s.wav,y,BD65-v.wav,y,,,,BD65v,"start=""sp1:start"" end=""sp1:start+3.1""/><face type='FACS' au='4' amount='.3' stroke='sp1:start+0' end='sp1:start+1.9'/><face type='FACS' au='45' amount='.3' stroke='sp1:start+0' end='sp1:start+1.9'",/><face type='FACS' au='4' amount='.3' stroke='sp1:start+0' end='sp1:start+1.8'/><face type='FACS' au='45' amount='.3' stroke='sp1:start+0' end='sp1:start+1.8',1,1,,,,,
BD66,What about the boat?,What about the boat?,What bout the boat?,What bout the boat?,BD66-s.wav,y,BD66-v.wav,y,,,,BD66v,"start=""sp1:start"" end=""sp1:start+1.8""/><face type='FACS' au='2' amount='.3' stroke='sp1:start+.7' end='sp1:start+1.2'",/><face type='FACS' au='2' amount='.3' stroke='sp1:start+.6' end='sp1:start+1.1',,1,,,,,
BD67,That's gonna break,That's gonna break,That's gonna break,That's gonna break,BD67-s.wav,y,BD67-v.wav,y,,,"""Thaaaa'ts gonna break.""",BD67v,"start=""sp1:start"" end=""sp1:start+2.1""",,,1,,,,,
BD68,What if it's too tall and it falls over?,What if it's too tall and it fall over?,What if it's too tall and it fall over?,What if it's too tall and it fall over?,BD68-s.wav,y,BD68-v.wav,y,,,,BD68v,"start=""sp1:start"" end=""sp1:start+3.1""/><face type='FACS' au='2' amount='.4' stroke='sp1:start+.7' end='sp1:start+1.5'",/><face type='FACS' au='2' amount='.4' stroke='sp1:start+.8' end='sp1:start+1.7',,1,,,,,
BD69,What if we connect the water beams to the land beams?,What if we connect the water beams to the land beams?,What if we connect the water beams to the land beams?,What if we connec' the water beams to the land beams?,BD69-s.wav,y,BD69-v.wav,y,,,,BD69v,"start=""sp1:start"" end=""sp1:start+4.95""/><face type='FACS' au='2' amount='.4' stroke='sp1:start+1.7' end='sp1:start+3.3'",/><face type='FACS' au='2' amount='.4' stroke='sp1:start+1.7' end='sp1:start+3.1',,1,,,,,
BD70,Will the middle part be strong enough?,Will the middle part be strong enough?,Will the middle part be strong enough?,Will the middle part be strong enough?,BD70-s.wav,y,BD70-v.wav,y,,,,BD70v,"start=""sp1:start"" end=""sp1:start+2.4""/><face type='FACS' au='4' amount='.4' stroke='sp1:start+1.2' end='sp1:start+1.9'",/><face type='FACS' au='4' amount='.4' stroke='sp1:start+1' end='sp1:start+1.7',,1,,,,,
BD71,Does that make one side stronger than the other?,Do that make one side stronger than the other?,Do that make one side stronger than the other?,Do that make one side stronger than the other?,BD71-s.wav,y,BD71-v.wav,y,,,,BD71v,"start=""sp1:start"" end=""sp1:start+3.5""/><face type='FACS' au='4' amount='.4' stroke='sp1:start+0' end='sp1:start+1.8'/><face type='FACS' au='45' amount='.3' stroke='sp1:start+0' end='sp1:start+1.8'",/><face type='FACS' au='4' amount='.4' stroke='sp1:start+0' end='sp1:start+1.8'/><face type='FACS' au='45' amount='.3' stroke='sp1:start+0' end='sp1:start+1.8',,1,,,,,
BD72,Yeah it's gonna crash,Yeah it's gonna crash,Yeah it's gonna crash,Yeah it's gonna crash,BD72-s.wav,y,BD72-v.wav,y,,,"Joke, in response to the kid being like ""omg the boat is going to diieeee"" or ""the boat is never gonna fit""",BD72v,"start=""sp1:start"" end=""sp1:start+2.5""",,,1,,,,,
BD73,Well maybe the middle bar can help it by um?,Well maybe the middle bar can help it by umm.?,Well maybe the middle bar can help it by um?,Well maybe the middle bar can help it by umm.?,BD73-s.wav,y,BD73-v.wav,y,,,,BD73v,"start=""sp1:start"" end=""sp1:start+5.9""/><face type='FACS' au='4' amount='.4' stroke='sp1:start+3.4' end='sp1:start+5.9'/><face type='FACS' au='45' amount='.4' stroke='sp1:start+3.4' end='sp1:start+5.9'",/><face type='FACS' au='4' amount='.4' stroke='sp1:start+3.4' end='sp1:start+6.5'/><face type='FACS' au='45' amount='.4' stroke='sp1:start+3.4' end='sp1:start+6.5',,1,,,,,
BD74,Well maybe more beams help by um?,Well maybe more beams help by umm.?,Well maybe more beams help by um?,Well maybe more beams help by umm.?,BD74-s.wav,y,BD74-v.wav,fix intake breath at end?,,,,BD74v,"start=""sp1:start"" end=""sp1:start+7.55""/><face type='FACS' au='4' amount='.4' stroke='sp1:start+4.8' end='sp1:start+6.5'/><face type='FACS' au='45' amount='.4' stroke='sp1:start+4.8' end='sp1:start+6.5'",/><face type='FACS' au='4' amount='.4' stroke='sp1:start+4.7' end='sp1:start+6'/><face type='FACS' au='45' amount='.4' stroke='sp1:start+4.7' end='sp1:start+6',,1,,,,,
BD75,Well maybe the bigger base at the bottom could help by um,Well maybe the bigger base at the bottom could help by um,Well maybe the bigger base at the bottom could help by um,Well maybe the bigger base at the bottom could help by um,BD75-s.wav,y,BD75-v.wav,y,,,,BD75v,"start=""sp1:start"" end=""sp1:start+8.1""/><face type='FACS' au='4' amount='.4' stroke='sp1:start+5' end='sp1:start+7.3'/><face type='FACS' au='45' amount='.4' stroke='sp1:start+5' end='sp1:start+7.3'",/><face type='FACS' au='4' amount='.4' stroke='sp1:start+5' end='sp1:start+7.1'/><face type='FACS' au='45' amount='.4' stroke='sp1:start+5' end='sp1:start+7.1',,1,,,,,
BD76,Maybe if it's just straight up then it   takes up less room?,Maybe if it's just straight up then it  take up less room?,Maybe if it's just straight up then it  take up less room?,Maybe if it's just straight up then it  take up less room?,BD76-s.wav,y,BD76-v.wav,y,,,,BD76v,"start=""sp1:start"" end=""sp1:start+4.7""/><face type='FACS' au='2' amount='.4' stroke='sp1:start+3.7' end='sp1:start+4.2'",/><face type='FACS' au='2' amount='.4' stroke='sp1:start+5.1' end='sp1:start+5.6',,1,,,,,
BD77,So you could have more beams then?,So you could have more beams then?,So you could have more beams then?,So you could have more beams then?,BD77-s.wav,y,BD77-v.wav,y,,,,BD77v,"start=""sp1:start"" end=""sp1:start+3.1""/><face type='FACS' au='4' amount='.4' stroke='sp1:start+1.5' end='sp1:start+2.6'/><face type='FACS' au='45' amount='.3' stroke='sp1:start+1.5' end='sp1:start+2.6'",/><face type='FACS' au='4' amount='.4' stroke='sp1:start+1.4' end='sp1:start+2.6'/><face type='FACS' au='45' amount='.3' stroke='sp1:start+1.4' end='sp1:start+2.6',,1,,,,,
BD78,Maybe if we make the beams little then we can have more?,Maybe if we make the beams little then we ca n have more?,Maybe if we make the beams little then we can have more?,Maybe if we make the beams little then we can have more?,BD78-s.wav,y,BD78-v.wav,y,,,,BD78v,"start=""sp1:start"" end=""sp1:start+4.9""/><face type='FACS' au='2' amount='.4' stroke='sp1:start+3.9' end='sp1:start+4.3'",/><face type='FACS' au='2' amount='.4' stroke='sp1:start+4.1' end='sp1:start+4.6',,1,,,,,
BD79,"Do you think it's better if we have more little beams or um, fewer thicker beams?","You think it's more  better if we got more little beams or uh, fewer thicker beams?","You think it's more  better if we got more little beams or uh, fewer thicker beams?","You think it's more  better if we got more little beams or uh, fewer thicker beams?",BD79-s.wav,y,BD79-v.wav,y,,,,BD79v,"start=""sp1:start"" end=""sp1:start+7.2""/><face type='FACS' au='4' amount='.4' stroke='sp1:start+3.7' end='sp1:start+5.1'/><face type='FACS' au='45' amount='.4' stroke='sp1:start+3.7' end='sp1:start+5.1'/><face type='FACS' au='2' amount='.35' stroke='sp1:start+5.7' end='sp1:start+6.6'",/><face type='FACS' au='4' amount='.4' stroke='sp1:start+4.1' end='sp1:start+5.9'/><face type='FACS' au='45' amount='.4' stroke='sp1:start+4.1' end='sp1:start+5.9'/><face type='FACS' au='2' amount='.35' stroke='sp1:start+6' end='sp1:start+7.3',,1,,,,,
BD80,Do you think it's better if we keep the top part flat or if we have more blocks on it?,you think it's better if we keep the top part flat or if we got more block on it?,you think it's better if we keep the top part flat or if we got more block on it?,you think it's better if we keep the top part flat or if we got more block on it?,BD80-s.wav,y,BD80-v.wav,y,,,,BD80v,"start=""sp1:start"" end=""sp1:start+6.2""/><face type='FACS' au='2' amount='.4' stroke='sp1:start+2.7' end='sp1:start+3.45'",/><face type='FACS' au='2' amount='.4' stroke='sp1:start+2.4' end='sp1:start+2.9',,1,,,,,
BD81,Maybe more blocks on the top can add extra strength,Maybe more blocks on the top can add extra strength,Maybe more blocks on the top can add extra strength,Maybe more blocks on the top can add extra strength,BD81-s.wav,y,BD81-v.wav,y,,,,BD81v,"start=""sp1:start"" end=""sp1:start+3.9""/><face type='FACS' au='2' amount='.4' stroke='sp1:start+2.5' end='sp1:start+3.3'",/><face type='FACS' au='2' amount='.4' stroke='sp1:start+2.2' end='sp1:start+3.2',,1,,,,,
BD82,Because it holds it together better?, cuz it hold it together better?, cuz it hold it together better?,cuz it hold it together better?,BD82-s.wav,y,BD82-v.wav,y,,,,BD82v,"start=""sp1:start"" end=""sp1:start+3.6""/><face type='FACS' au='4' amount='.4' stroke='sp1:start+1.5' end='sp1:start+3'/><face type='FACS' au='45' amount='.3' stroke='sp1:start+1.8' end='sp1:start+2.5'",/><face type='FACS' au='4' amount='.4' stroke='sp1:start+1.2' end='sp1:start+2.5'/><face type='FACS' au='45' amount='.3' stroke='sp1:start+1.5' end='sp1:start+2.5',,1,,,,,
BD83,I think there shouldn't be any extra weight to keep it strong,I think it shouldn't be any extra weight to keep it strong,I think it shouldn't be any extra weight to keep it strong,I think it shouldn't be any extra weight to keep it strong,BD83-s.wav,y,BD83-v.wav,y,,,,BD83v,"start=""sp1:start"" end=""sp1:start+4.55""/><face type='FACS' au='2' amount='.2' stroke='sp1:start+3.6' end='sp1:start+4.2'/><face type='FACS' au='4' amount='.4' stroke='sp1:start+1.6' end='sp1:start+2.2'/><face type='FACS' au='45' amount='1' stroke='sp1:start+1.6' end='sp1:start+2.2'",/><face type='FACS' au='2' amount='.2' stroke='sp1:start+3.2' end='sp1:start+3.8'/><face type='FACS' au='4' amount='.4' stroke='sp1:start+.9' end='sp1:start+1.7'/><face type='FACS' au='45' amount='1' stroke='sp1:start+.9' end='sp1:start+1.7',,1,,,,,
BD84,I think the people still need to walk across the top part,I think the people still need to walk across the top part,I think the people still need to walk cross the top part,I think the people still need to walk cross the top part,BD84-s.wav,y,BD84-v.wav,y,,,,BD84v,"start=""sp1:start"" end=""sp1:start+3.7""",,1,1,,,,,
BD85,I think we have to figure out how to make sure the bridge isn't going to break when there's another weight bag on it,I think we got to figure out how to make sure the bridge ain't gonna  break when it's another weight bag on it,I think we got to figure out how to make sure the bridge ain't gonna  break when it's another weight bag on it,I think we gotta figure out how to make sure the bridge ain't gonna  break when it's another weight bag on it,BD85-s.wav,y,BD85-v.wav,y,,,,BD85v,"start=""sp1:start"" end=""sp1:start+8.1""/><face type='FACS' au='4' amount='.4' stroke='sp1:start+.2' end='sp1:start+1.3'/><face type='FACS' au='45' amount='.3' stroke='sp1:start+.2' end='sp1:start+1.3'/><face type='FACS' au='2' amount='.3' stroke='sp1:start+6.5' end='sp1:start+7.4'",/><face type='FACS' au='4' amount='.4' stroke='sp1:start+.2' end='sp1:start+1.3'/><face type='FACS' au='45' amount='.3' stroke='sp1:start+.2' end='sp1:start+1.3'/><face type='FACS' au='2' amount='.3' stroke='sp1:start+7.3' end='sp1:start+8.4',1,1,,,,,
BD86,But we don't even know where they're gonna put the other bag,But we ain't even know where they gonna put the other bag,But we ain't even know where they gonna put the other bag,But we ain't even know where dhey gonna put the other bag,BD86-s.wav,y,BD86-v.wav,y,,,,BD86v,"start=""sp1:start"" end=""sp1:start+3.2""/><face type='FACS' au='2' amount='.3' stroke='sp1:start+1.7' end='sp1:start+2.1'",/><face type='FACS' au='2' amount='.3' stroke='sp1:start+1.9' end='sp1:start+2.3',,,,,,,
BD87,It looks like it's going to break even with just one bag,It look like it's gonna break even with just one bag,It look like it's gonna break even with just one bag,It look like it's gonna break even with just one bag,BD87-s.wav,y,BD87-v.wav,y,,,,BD87v,"start=""sp1:start"" end=""sp1:start+3.7""",,,,,,,,
BD88,Probably money,Probably money,Prolly money,Prolly money,BD88-s.wav,y,BD88-v.wav,y,,"joking, ""What do you think is in those bags? ""Probably money!""",,BD88v,"start=""sp1:start"" end=""sp1:start+1.5""/><face type='FACS' au='2' amount='.3' stroke='sp1:start+.5' end='sp1:start+1'",/><face type='FACS' au='2' amount='.3' stroke='sp1:start+.4' end='sp1:start+.9',,,,,,,
BD89, so I think we have to talk about making it stronger so it holds up another one of those weight bags, so I think we gotta  talk about making it more stronger so it  hold up another one of those weight bags, so I think we gotta  talk about making it more stronger so it  hold up another one of those weight bags, so I think we gotta  talk about making it more stronger so it  hold up another one of those weight bags,BD89-s.wav,y,BD89-v.wav,y,,,,BD89v,"start=""sp1:start"" end=""sp1:start+9.45""/><face type='FACS' au='4' amount='.3' stroke='sp1:start+0' end='sp1:start+1'/><face type='FACS' au='45' amount='.3' stroke='sp1:start+0' end='sp1:start+1'/><face type='FACS' au='2' amount='.3' stroke='sp1:start+3.4' end='sp1:start+4.5'",/><face type='FACS' au='4' amount='.3' stroke='sp1:start+0' end='sp1:start+.7'/><face type='FACS' au='45' amount='.3' stroke='sp1:start+0' end='sp1:start+.7'/><face type='FACS' au='2' amount='.3' stroke='sp1:start+3.2' end='sp1:start+3.9',1,,,,,,
BD90,Are those orange beams even doing anything?,Are those orange beams even doing nothing?,Are those orange beams even doing nothing?,Are those orange beams even doing nothing?,BD90-s.wav,y,BD90-v.wav,y,,,,BD90v,"start=""sp1:start"" end=""sp1:start+3.9""/><face type='FACS' au='4' amount='.3' stroke='sp1:start+0' end='sp1:start+2.8'/><face type='FACS' au='45' amount='.3' stroke='sp1:start+1.5' end='sp1:start+2.8'",/><face type='FACS' au='4' amount='.3' stroke='sp1:start+0' end='sp1:start+2.5'/><face type='FACS' au='45' amount='.3' stroke='sp1:start+1.5' end='sp1:start+2.5',,,,,,,
BD91,You think we need to make those orange ones longer?,You think we need to make those orange ones longer?,You think we need to make those orange ones longer?,You think we need to make dhose orange ones longer?,BD91-s.wav,y,BD91-v.wav,y,,,,BD91v,"start=""sp1:start"" end=""sp1:start+3.6""/><face type='FACS' au='4' amount='.3' stroke='sp1:start+2.1' end='sp1:start+2.7'",/><face type='FACS' au='4' amount='.3' stroke='sp1:start+2.3' end='sp1:start+2.8',,,,,,,
BD92,I think the orange blocks are just adding extra weight,I think the orange blocks just adding extra weight,I think the orange blocks just adding extra weight,I think the orange blocks just adding extra weight,BD92-s.wav,y,BD92-v.wav,y,,,,BD92v,"start=""sp1:start"" end=""sp1:start+3.35""/><face type='FACS' au='4' amount='.3' stroke='sp1:start+0' end='sp1:start+1.5'/><face type='FACS' au='45' amount='.3' stroke='sp1:start+0' end='sp1:start+1.5'",/><face type='FACS' au='4' amount='.3' stroke='sp1:start+0' end='sp1:start+1.5'/><face type='FACS' au='45' amount='.3' stroke='sp1:start+0' end='sp1:start+1.5',,,,,,,
BD93,"Yeah, the orange ones?","Yeah, the orange ones?","Yeah, the orange ones?","Yeah, dhe orange ones?",BD93-s.wav,y,BD93-v.wav,y,,,,BD93v,"start=""sp1:start"" end=""sp1:start+2.5""/><face type='FACS' au='2' amount='.3' stroke='sp1:start+0' end='sp1:start+.9'/><face type='FACS' au='4' amount='.3' stroke='sp1:start+1.1' end='sp1:start+2.1'/><face type='FACS' au='45' amount='.3' stroke='sp1:start+1.1' end='sp1:start+2.1'",/><face type='FACS' au='2' amount='.3' stroke='sp1:start+0' end='sp1:start+.9'/><face type='FACS' au='4' amount='.3' stroke='sp1:start+1.1' end='sp1:start+1.9'/><face type='FACS' au='45' amount='.3' stroke='sp1:start+1.1' end='sp1:start+1.9',,,,,,,
BD94,the green one or the red one?,the green one or the red one?,the green one or the red one?,the green one or the red one?,BD94-s.wav,y,BD94-v.wav,y,,,,BD94v,"start=""sp1:start"" end=""sp1:start+3.1""/><face type='FACS' au='4' amount='.3' stroke='sp1:start+0' end='sp1:start+1.4'/><face type='FACS' au='45' amount='.3' stroke='sp1:start+0' end='sp1:start+1.4'",/><face type='FACS' au='4' amount='.3' stroke='sp1:start+0' end='sp1:start+1.2'/><face type='FACS' au='45' amount='.3' stroke='sp1:start+0' end='sp1:start+1.2',,,,,,,
BD95,that blue one?,that blue one?,that blue one?,that blue one?,BD95-s.wav,y,BD95-v.wav,y,,,,BD95v,"start=""sp1:start"" end=""sp1:start+1.35""/><face type='FACS' au='4' amount='.3' stroke='sp1:start+0' end='sp1:start+1'/><face type='FACS' au='45' amount='.3' stroke='sp1:start+0' end='sp1:start+1'",/><face type='FACS' au='4' amount='.3' stroke='sp1:start+0' end='sp1:start+.9'/><face type='FACS' au='45' amount='.3' stroke='sp1:start+0' end='sp1:start+.9',,,,,,,
BD96,What about that blue one?,What about that blue one?,What bout that blue one?,What 'bout that blue one?,BD96-s.wav,y,BD96-v.wav,y,,,,BD96v,"start=""sp1:start"" end=""sp1:start+2.5""/><face type='FACS' au='4' amount='.3' stroke='sp1:start+0' end='sp1:start+1'/><face type='FACS' au='45' amount='.3' stroke='sp1:start+0' end='sp1:start+1'",/><face type='FACS' au='4' amount='.3' stroke='sp1:start+0' end='sp1:start+.9'/><face type='FACS' au='45' amount='.3' stroke='sp1:start+0' end='sp1:start+.9',,,,,,,
BD97,Maybe we can make those orange ones like connect um to the yellow one and then connect back to the ground,Maybe we can make those orange ones like connec' um to the yellow one and then connec' back to the ground,Maybe we can make those orange ones like conneck um to the yellow one and then conneck back to the ground,Maybe we can make those orange ones like connec' um to the yellow one and then connec' back to the ground,BD97-s.wav,y,BD97-v.wav,y,,,,BD97v,"start=""sp1:start"" end=""sp1:start+8.35""/><face type='FACS' au='4' amount='.3' stroke='sp1:start+3.5' end='sp1:start+5.9'/><face type='FACS' au='45' amount='.3' stroke='sp1:start+3.5' end='sp1:start+5.9'",/><face type='FACS' au='4' amount='.3' stroke='sp1:start+4' end='sp1:start+6'/><face type='FACS' au='45' amount='.3' stroke='sp1:start+4' end='sp1:start+6',,,,,,,
BD98,"If they go the whole way, then I think they're going to hold it up","If they go the whole way, then I think they gonna hold it up","If they go the whole way, then I think they gonna hold it up","If they go the whole way, then I think they gonna hold it up",BD98-s.wav,y,BD98-v.wav,y,,,,BD98v,"start=""sp1:start"" end=""sp1:start+5.15""/><face type='FACS' au='2' amount='.3' stroke='sp1:start+4.2' end='sp1:start+4.8'",/><face type='FACS' au='2' amount='.3' stroke='sp1:start+3.9' end='sp1:start+4.8',,,,,,,
BD99,"I wonder if the blue one connects to the gray, or just stops at the yellow?","I wonder do the blue one connect to the gray, or just stop at the yellow?","I wonder do the blue one connect to the gray, or just stop at the yellow?","I wonder do the blue one connect to the gray, or just stop at the yellow?",BD99-s.wav,y,BD99-v.wav,y,,,,BD99v,"start=""sp1:start"" end=""sp1:start+5.1""/><face type='FACS' au='2' amount='.3' stroke='sp1:start+2' end='sp1:start+3'",/><face type='FACS' au='2' amount='.3' stroke='sp1:start+2.2' end='sp1:start+3',,,,,,,
BD100,It looks like it can pass through,It look like it can pass through,It look like it can pass through,It look like it can pass through,BD100-s.wav,y,BD100-v.wav,y,,,,BD100v,"start=""sp1:start"" end=""sp1:start+2.75""/><face type='FACS' au='2' amount='.3' stroke='sp1:start+1.8' end='sp1:start+2.2'",/><face type='FACS' au='2' amount='.3' stroke='sp1:start+1.8' end='sp1:start+2.2',,,,,,,
BD101,"The red one looks really strong, but the green one doesn't.","The red one look real strong, but the green one don't.","The red one look real strong, but the green one don't.","The red one look real strong, but the green one don't.",BD101-s.wav,y,BD101-v.wav,y,,,,BD101v,"start=""sp1:start"" end=""sp1:start+4.7""/><face type='FACS' au='2' amount='.3' stroke='sp1:start+1.1' end='sp1:start+2.3'/><face type='FACS' au='45' amount='.3' stroke='sp1:start+2.9' end='sp1:start+3.4'",/><face type='FACS' au='2' amount='.3' stroke='sp1:start+.9' end='sp1:start+1.9'/><face type='FACS' au='45' amount='.3' stroke='sp1:start+2.6' end='sp1:start+3.1',,,,,,,
BD102,"I think the blue beam looks kinda strong, but the orange beams don't","I think the blue beam look kinda strong, but the orange beam don't","I think the blue beam look kinda strong, but the orange beam don't","I think the blue beam look kinda strong, but the orange beam don't",BD102-s.wav,y,BD102-v.wav,y,,,,BD102v,"start=""sp1:start"" end=""sp1:start+5.1""/><face type='FACS' au='2' amount='.3' stroke='sp1:start+1.7' end='sp1:start+2.7'/><face type='FACS' au='45' amount='.3' stroke='sp1:start+3.6' end='sp1:start+4.7'",/><face type='FACS' au='2' amount='.3' stroke='sp1:start+1.5' end='sp1:start+2.5'/><face type='FACS' au='45' amount='.3' stroke='sp1:start+3.4' end='sp1:start+4.6',,,,,,,
BD103,The blue beam connects the yellow one to the water,The blue beam connect the yellow one to the water,The blue beam connect the yellow one to the water,The blue beam connect the yellow one to the water,BD103-s.wav,y,BD103-v.wav,y,,,,BD103v,"start=""sp1:start"" end=""sp1:start+3.6""",,,,,,,,
BD104,I think the beams are strong if they connect to both the top of the bridge and the ground somehow,I think the beams be strong if they connect to both the top of the bridge and the ground somehow,I think the beams be strong if they connect to both the top of the bridge and the ground somehow,I think the beams be strong if they connect to both the top of the bridge and the ground somehow,BD104-s.wav,y,BD104-v.wav,y,,,,BD104v,"start=""sp1:start"" end=""sp1:start+8.2""/><face type='FACS' au='2' amount='.3' stroke='sp1:start+5.2' end='sp1:start+6.3'",/><face type='FACS' au='2' amount='.3' stroke='sp1:start+5.4' end='sp1:start+6.5',,,,,,,
BD105,Real bridges have like a zigzag pattern sometimes I think,Real bridges got like a zig-zag pattern sometime I think,Real bridges got like a zigzag pattern sometime I think,Real bridges got like a zig-zag pattern sometime I think,BD105-s.wav,y,BD105-v.wav,y,,,,BD105v,"start=""sp1:start"" end=""sp1:start+4.85""/><face type='FACS' au='4' amount='.4' stroke='sp1:start+2.5' end='sp1:start+3.7'/><face type='FACS' au='45' amount='.3' stroke='sp1:start+2.5' end='sp1:start+3.7'",/><face type='FACS' au='4' amount='.4' stroke='sp1:start+2.5' end='sp1:start+3.7'/><face type='FACS' au='45' amount='.3' stroke='sp1:start+2.5' end='sp1:start+3.7',,,,,,,
BD106,"it looks like the green side beam has only one row, and the red beam has two rows.","it look like the green side beam got only one row, and the red beam gots two rows.","it look like the green side beam got only one row, and the red beam gots two rows.","it look like the green side beam got only one row, and the red beam gots two rows.",BD106-s.wav,y,BD106-v.wav,y,,,,BD106v,"start=""sp1:start"" end=""sp1:start+6.45""/><face type='FACS' au='2' amount='.3' stroke='sp1:start+5.2' end='sp1:start+6'",/><face type='FACS' au='2' amount='.3' stroke='sp1:start+5.4' end='sp1:start+6.2',,,,,,,
BD107,"I think the um, red and green side beams should be bigger on the bottom so it can hold it up.","I think the um, red and green side beam sh- should be more bigger on the bottom so they can hold it up.","I think the um, red and green side beam shuh should be more bigger on the bottom so they can hold it up.","I think the um, red and green side beam shuh should be more bigger on the bottom so they can hold it up.",BD107-s.wav,y,BD107-v.wav,y,,,,BD107v,"start=""sp1:start"" end=""sp1:start+7.8""/><face type='FACS' au='4' amount='.3' stroke='sp1:start+0' end='sp1:start+2'/><face type='FACS' au='45' amount='.3' stroke='sp1:start+0' end='sp1:start+2'/><face type='FACS' au='2' amount='.3' stroke='sp1:start+7' end='sp1:start+7.5'",/><face type='FACS' au='4' amount='.3' stroke='sp1:start+0' end='sp1:start+2'/><face type='FACS' au='45' amount='.3' stroke='sp1:start+0' end='sp1:start+2'/><face type='FACS' au='2' amount='.3' stroke='sp1:start+7.9' end='sp1:start+8.5',,,,,,,
BD108,Maybe we need more of those blue beams to hold it up in the water,Maybe we need more of those blue beams to hold it up in the water,Maybe we need more of those blue beams to hold it up in the water,Maybe we need more of those blue beams to hold it up in the water,BD108-s.wav,y,BD108-v.wav,y,,,,BD108v,"start=""sp1:start"" end=""sp1:start+3.75""",,,,,,,,
BD109,I think we need more beams connecting the gray and the yellow,I think we need more beams connecting the gray and the yellow,I think we need more beams connecting the gray and the yellow,I think we need more beams connectin' the gray and the yellow,BD109-s.wav,y,BD109-v.wav,y,,,,BD109v,"start=""sp1:start"" end=""sp1:start+4.95""/><face type='FACS' au='4' amount='.3' stroke='sp1:start+1.1' end='sp1:start+2.4'/><face type='FACS' au='45' amount='.3' stroke='sp1:start+1.1' end='sp1:start+2.4'",/><face type='FACS' au='4' amount='.3' stroke='sp1:start+.9' end='sp1:start+2.1'/><face type='FACS' au='45' amount='.3' stroke='sp1:start+.9' end='sp1:start+2.1',,,,,,,
BD110,That green one is probably gonna break with another weight on it,That green one probably gonna break with another weight on it,That green one probably gonna break with another weight on it,That green one probably gonna break with another weight on it,BD110-s.wav,y,BD110-v.wav,y,,,,BD110v,"start=""sp1:start"" end=""sp1:start+3.75""/><face type='FACS' au='2' amount='.3' stroke='sp1:start+2.3' end='sp1:start+3'",/><face type='FACS' au='2' amount='.3' stroke='sp1:start+2.3' end='sp1:start+3',,,,,,,
BD111,They're probably gonna put the other weight on the other side of that gray hill part,They probably gonna put the other weight on the other side of that gray hill part,They probably gonna put the other weight on the other side of that gray hill part,They probably gonna put the other weight on the other side of that gray hill part,BD111-s.wav,y,BD111-v.wav,y,,,,BD111v,"start=""sp1:start"" end=""sp1:start+4.6""",,,,,,,,
BD112,Maybe the blue beam needs to be thicker too?,Maybe the blue beam need to be thicker too?,Maybe the blue beam need to be thicker too?,Maybe the blue beam need to be thicker too?,BD112-s.wav,y,BD112-v.wav,y,,,,BD112v,"start=""sp1:start"" end=""sp1:start+4.45""/><face type='FACS' au='45' amount='.3' stroke='sp1:start+0' end='sp1:start+1'/><face type='FACS' au='4' amount='.3' stroke='sp1:start+0' end='sp1:start+1'",/><face type='FACS' au='45' amount='.3' stroke='sp1:start+0' end='sp1:start+1'/><face type='FACS' au='4' amount='.3' stroke='sp1:start+0' end='sp1:start+1',,,,,,,
BD113,"If green and red are different, then maybe the bridge like, uses different types of strength? To hold it up?","If green and red  different, then maybe the bridge like, use different types of strength? To hold it up?","If green and red  different, then maybe the bridge like, use different types of strength? To hold it up?","If green and red  different, then maybe the bridge like, use different types of strength? To hold it up?",BD113-s.wav,y,BD113-v.wav,y,,,,BD113v,"start=""sp1:start"" end=""sp1:start+10""/><face type='FACS' au='45' amount='.3' stroke='sp1:start+3.2' end='sp1:start+5.5'/><face type='FACS' au='4' amount='.3' stroke='sp1:start+3.2' end='sp1:start+5.5'",/><face type='FACS' au='45' amount='.3' stroke='sp1:start+3.2' end='sp1:start+5.1'/><face type='FACS' au='4' amount='.3' stroke='sp1:start+3.2' end='sp1:start+5.1',,,,,,,
BD114,Let's give the green beam another row,Let's give the green beam another row,Let's give the green beam another row,Let's give the green beam another row,BD114-s.wav,y,BD114-v.wav,y,,,,BD114v,"start=""sp1:start"" end=""sp1:start+2.6""/><face type='FACS' au='45' amount='.3' stroke='sp1:start+0' end='sp1:start+2'/><face type='FACS' au='4' amount='.3' stroke='sp1:start+0' end='sp1:start+2'",/><face type='FACS' au='45' amount='.3' stroke='sp1:start+0' end='sp1:start+2'/><face type='FACS' au='4' amount='.3' stroke='sp1:start+0' end='sp1:start+2',,,,,,,
BD115,I think we should add another row to the green beam so it'll be the same as the red one,I think we should add another row to the green beam so it be the same as the red one,I think we should add another row to the green beam so it be the same as the red one,I think we should add another row to the green beam so it be the same as the red one,BD115-s.wav,y,BD115-v.wav,y,,,,BD115v,"start=""sp1:start"" end=""sp1:start+7.15""/><face type='FACS' au='2' amount='.3' stroke='sp1:start+6' end='sp1:start+6.6'",/><face type='FACS' au='2' amount='.3' stroke='sp1:start+5.8' end='sp1:start+6.3',,,,,,,
BD116,"Do you think the red and green beams need to have the same number of blocks, or different?","you think the red and green beams gotta have the same number of block, or different?","you think the red and green beams gotta have the same number of block, or different?","you think the red and green beams gotta have the same number of block, or different?",BD116-s.wav,y,BD116-v.wav,y,,,,BD116v,"start=""sp1:start"" end=""sp1:start+6.4""/><face type='FACS' au='45' amount='.3' stroke='sp1:start+0' end='sp1:start+4.6'/><face type='FACS' au='4' amount='.4' stroke='sp1:start+0' end='sp1:start+4.6'",/><face type='FACS' au='45' amount='.3' stroke='sp1:start+0' end='sp1:start+4.6'/><face type='FACS' au='4' amount='.4' stroke='sp1:start+0' end='sp1:start+4.6',,,,,,,
BD117,What about the yellow beam?,What about the yellow beam?,What bout the yellow beam?,What bout the yellow beam?,BD117-s.wav,y,BD117-v.wav,y,,,,BD117v,"start=""sp1:start"" end=""sp1:start+1.95""/><face type='FACS' au='45' amount='.3' stroke='sp1:start+0' end='sp1:start+1.5'/><face type='FACS' au='4' amount='.4' stroke='sp1:start+0' end='sp1:start+1.5'",/><face type='FACS' au='45' amount='.3' stroke='sp1:start+0' end='sp1:start+1.6'/><face type='FACS' au='4' amount='.4' stroke='sp1:start+0' end='sp1:start+1.6',,,,,,,
BD118,I don't even think it can stay up like that,I don't even think it can stay up like that,I don't even think it can stay up like that,I don't even think it can stay up like that,BD118-s.wav,y,BD118-v.wav,y,,,,BD118v,"start=""sp1:start"" end=""sp1:start+2.75""/><face type='FACS' au='45' amount='1' stroke='sp1:start+0' end='sp1:start+1.1'/><face type='FACS' au='4' amount='.4' stroke='sp1:start+0' end='sp1:start+1.1'",/><face type='FACS' au='45' amount='1' stroke='sp1:start+0' end='sp1:start+1.1'/><face type='FACS' au='4' amount='.4' stroke='sp1:start+0' end='sp1:start+1.1',,,,,,,
BD119,Does that make it strong or does it just  add extra weight?,Do that make it strong or do it just  add extra weight?,Do that make it strong or do it just  add extra weight?,Do that make it strong or do it just  add extra weight?,BD119-s.wav,y,BD119-v.wav,y,,,,BD119v,"start=""sp1:start"" end=""sp1:start+5.3""/><face type='FACS' au='2' amount='.4' stroke='sp1:start+.9' end='sp1:start+1.5'",/><face type='FACS' au='2' amount='.4' stroke='sp1:start+.7' end='sp1:start+1.3',,,,,,,
BD120,What about if we connect the orange ones to that yellow one?,What about if we connect the orange ones to that yellow one?,What about if we connect the orange ones to that yellow one?,What about if we connect the orange ones to that yellow one?,BD120-s.wav,y,BD120-v.wav,y,,,,BD120v,"start=""sp1:start"" end=""sp1:start+3.85""/><face type='FACS' au='45' amount='.3' stroke='sp1:start+0' end='sp1:start+2.3'/><face type='FACS' au='4' amount='.4' stroke='sp1:start+0' end='sp1:start+2.3'",/><face type='FACS' au='45' amount='.3' stroke='sp1:start+0' end='sp1:start+2.3'/><face type='FACS' au='4' amount='.4' stroke='sp1:start+0' end='sp1:start+2.3',,,,,,,
BD121,I think they want us to imagine that they can all stick together like that,I think they want us to imagine that they can all stick together like that,I think they want us to imagine that they can all stick together like that,I think they want us to imagine that they can all stick together like that,BD121-s.wav,y,BD121-v.wav,y,,,,BD121v,"start=""sp1:start"" end=""sp1:start+5.8""/><face type='FACS' au='45' amount='.3' stroke='sp1:start+0' end='sp1:start+2.3'/><face type='FACS' au='4' amount='.4' stroke='sp1:start+0' end='sp1:start+2.3'",/><face type='FACS' au='45' amount='.3' stroke='sp1:start+0' end='sp1:start+2.3'/><face type='FACS' au='4' amount='.4' stroke='sp1:start+0' end='sp1:start+2.3',,,,,,,
BD122,Does that yellow beam even do anything?,Do that yellow beam even do nothing?,Do that yellow beam even do nothing?,Do that yellow beam even do nothing?,BD122-s.wav,y,BD122-v.wav,y,,,,BD122v,"start=""sp1:start"" end=""sp1:start+2.85""/><face type='FACS' au='45' amount='.3' stroke='sp1:start+1.5' end='sp1:start+2.5'/><face type='FACS' au='4' amount='.4' stroke='sp1:start+0' end='sp1:start+2.5'",/><face type='FACS' au='45' amount='.3' stroke='sp1:start+1.7' end='sp1:start+2.5'/><face type='FACS' au='4' amount='.4' stroke='sp1:start+0' end='sp1:start+2.5',,,,,,,
BD123,Should we keep the yellow one in?,Should we keep the yellow one in?,Should we keep the yellow one in?,Should we keep the yellow one in?,BD123-s.wav,y,BD123-v.wav,y,,,,BD123v,"start=""sp1:start"" end=""sp1:start+2.56""/><face type='FACS' au='45' amount='.3' stroke='sp1:start+0' end='sp1:start+1.8'/><face type='FACS' au='4' amount='.4' stroke='sp1:start+0' end='sp1:start+1.8'",/><face type='FACS' au='45' amount='.3' stroke='sp1:start+0' end='sp1:start+1.7'/><face type='FACS' au='4' amount='.4' stroke='sp1:start+0' end='sp1:start+1.7',,,,,,,
BD124,Well maybe the orange blocks could help make it stronger if we like um.,Well maybe the orange blocks could help make it more stronger if we like um.,Well maybe the orange blocks could help make it more stronger if we like um.,Well maybe the orange blocks could help make it more stronger if we like um .,BD124-s.wav,y,BD124-v.wav,y,,,,BD124v,"start=""sp1:start"" end=""sp1:start+8.1""/><face type='FACS' au='45' amount='.3' stroke='sp1:start+5' end='sp1:start+8'/><face type='FACS' au='4' amount='.4' stroke='sp1:start+5' end='sp1:start+8'",/><face type='FACS' au='45' amount='.3' stroke='sp1:start+4.9' end='sp1:start+8'/><face type='FACS' au='4' amount='.4' stroke='sp1:start+4.9' end='sp1:start+8',,,,,,,
BD125,"Maybe the red beam and the green beam should have the same, um, number of blocks because Uh.","Maybe the red beam and the green beam should have the same, uh, number of block cuz ... Uh.","Maybe the red beam and the green beam should have the same, uh, number of block cuz  Uh.","Maybe the red beam and the green beam should have the same, uh, number of block cuz ... Uh.",BD125-s.wav,y,BD125-v.wav,y,,,,BD125v,"start=""sp1:start"" end=""sp1:start+10.2""/><face type='FACS' au='45' amount='.3' stroke='sp1:start+4.2' end='sp1:start+6.3'/><face type='FACS' au='4' amount='.4' stroke='sp1:start+4.2' end='sp1:start+6.3'/><face type='FACS' au='45' amount='.3' stroke='sp1:start+9' end='sp1:start+9.9'/><face type='FACS' au='4' amount='.4' stroke='sp1:start+9' end='sp1:start+9.9'",/><face type='FACS' au='45' amount='.3' stroke='sp1:start+4.2' end='sp1:start+6.3'/><face type='FACS' au='4' amount='.4' stroke='sp1:start+4.2' end='sp1:start+6.3'/><face type='FACS' au='45' amount='.3' stroke='sp1:start+8' end='sp1:start+10.1''/><face type='FACS' au='4' amount='.4' stroke='sp1:start+8' end='sp1:start+10.1',,,,,,,
BD126,Well maybe it's good if the green and red are different because um,Well maybe it's good if the green and the red different cuz  um ,Well maybe it's good if the green and the red different cuz  um ,Well maybe it's good if the green and the red different cuz  um ,BD126-s.wav,y,BD126-v.wav,y,,,,BD126v,"start=""sp1:start"" end=""sp1:start+7.65""/><face type='FACS' au='45' amount='.3' stroke='sp1:start+4.3' end='sp1:start+7.3'/><face type='FACS' au='4' amount='.4' stroke='sp1:start+4.3' end='sp1:start+7.3'/><face type='FACS' au='2' amount='.4' stroke='sp1:start+3.5' end='sp1:start+4.3'",/><face type='FACS' au='45' amount='.3' stroke='sp1:start+4.8' end='sp1:start+7.1'/><face type='FACS' au='4' amount='.4' stroke='sp1:start+4.8' end='sp1:start+7.1'/><face type='FACS' au='2' amount='.4' stroke='sp1:start+3.9' end='sp1:start+4.6',,,,,,,
BD127,Maybe the blue beam could help make it stronger by um,Maybe the blue beam could help make it more stronger byum,Maybe the blue beam could help make it more stronger byum,Maybe the blue beam could help make it more stronger byum,BD127-s.wav,y,BD127-v.wav,y,,,,BD127v,"start=""sp1:start"" end=""sp1:start+6.35""/><face type='FACS' au='45' amount='.3' stroke='sp1:start+5' end='sp1:start+6'/><face type='FACS' au='4' amount='.4' stroke='sp1:start+5' end='sp1:start+6'/><face type='FACS' au='2' amount='.4' stroke='sp1:start+2.4' end='sp1:start+3.1'",/><face type='FACS' au='45' amount='.3' stroke='sp1:start+4.8' end='sp1:start+6'/><face type='FACS' au='4' amount='.4' stroke='sp1:start+4.8' end='sp1:start+6'/><face type='FACS' au='2' amount='.4' stroke='sp1:start+3.3' end='sp1:start+4.6',,,,,,,
BD128,Do you think the bridge is going to be stronger if we try and make it heavier?,you think the bridge gonna be more stronger if we try and make it more heavier?,you think the bridge gonna be more stronger if we try and make it more heavier?,you think the bridge gonna be more stronger if we try and make it more heavier?,BD128-s.wav,y,BD128-v.wav,y,,,,BD128v,"start=""sp1:start"" end=""sp1:start+5.6""/><face type='FACS' au='2' amount='.4' stroke='sp1:start+4.3' end='sp1:start+4.8'/><face type='FACS' au='2' amount='.4' stroke='sp1:start+4.4' end='sp1:start+5.2'/><face type='FACS' au='45' amount='.3' stroke='sp1:start+0' end='sp1:start+2.8'/><face type='FACS' au='4' amount='.4' stroke='sp1:start+0' end='sp1:start+2.8'",/><face type='FACS' au='2' amount='.4' stroke='sp1:start+4.4' end='sp1:start+5.2'/><face type='FACS' au='45' amount='.3' stroke='sp1:start+0' end='sp1:start+2.8'/><face type='FACS' au='4' amount='.4' stroke='sp1:start+0' end='sp1:start+2.8',,,,,,,
BD129,I think the extra gray blocks on top are just gonna make it heavier.,I think the extra gray blocks on top  just be making it heavier.,I think the extra gray blocks on top  just be making it heavier.,I think the extra gray blocks on top  just be making it heavier.,BD129-s.wav,y,BD129-v.wav,y,,,,BD129v,"start=""sp1:start"" end=""sp1:start+4.35""/><face type='FACS' au='45' amount='.3' stroke='sp1:start+0' end='sp1:start+1'/><face type='FACS' au='4' amount='.3' stroke='sp1:start+0' end='sp1:start+1'",/><face type='FACS' au='45' amount='.3' stroke='sp1:start+0' end='sp1:start+1'/><face type='FACS' au='4' amount='.3' stroke='sp1:start+0' end='sp1:start+1',,,,,,,
BD130,"Do you think we should make the gray part flat all the way across, or keep the  pyramid on it?","you think we should make the gray part flat all the way across, or keep the  pyramid on it?","you think we should make the gray part flat all the way cross, or keep the  pyramid on it?","you think we should make the gray part flat all the way 'cross, or keep the  pyramid on it?",BD130-s.wav,y,BD130-v.wav,y,,,,BD130v,"start=""sp1:start"" end=""sp1:start+7.6""/><face type='FACS' au='2' amount='.3' stroke='sp1:start+2.6' end='sp1:start+3.5'/><face type='FACS' au='2' amount='.2' stroke='sp1:start+5.9' end='sp1:start+7.3'",/><face type='FACS' au='2' amount='.3' stroke='sp1:start+2.2' end='sp1:start+3.2'/><face type='FACS' au='2' amount='.2' stroke='sp1:start+5.7' end='sp1:start+6.8',,,,,,,
BD131,hm I think we could make it stronger by um  ,hmm I think we could make it more stronger by um ... ,hmm I think we could make it more stronger by um  ,hm I think we could make it more stronger by um ,BD131-s.wav,y,BD131-v.wav,y,,,,BD131v,"start=""sp1:start"" end=""sp1:start+8.9""/><face type='FACS' au='45' amount='.3' stroke='sp1:start+2.3' end='sp1:start+8.3'/><face type='FACS' au='4' amount='.4' stroke='sp1:start+0' end='sp1:start+8.3'",/><face type='FACS' au='45' amount='.3' stroke='sp1:start+2.2' end='sp1:start+8.7'/><face type='FACS' au='4' amount='.4' stroke='sp1:start+0' end='sp1:start+8.7',,,,,,,
BD132, high  ?, high  ?, high  ?,high?,BD132-s.wav,y,BD132-v.wav,y,note - these are identical,,,BD132v,"start=""sp1:start"" end=""sp1:start+1.1""/><face type='FACS' au='45' amount='.3' stroke='sp1:start+0' end='sp1:start+1'/><face type='FACS' au='4' amount='.4' stroke='sp1:start+0' end='sp1:start+1'","start=""sp1:start"" end=""sp1:start+1.1""/><face type='FACS' au='45' amount='.3' stroke='sp1:start+0' end='sp1:start+1'/><face type='FACS' au='4' amount='.4' stroke='sp1:start+0' end='sp1:start+1'",,,,,,,
,,,,,,,,,,,,,,,,,,,,,
BM1,My hypothesis is that the bridge will be strongest if we have strong beams on both sides and in the middle part,My hypothesis that the bridge gonna be strongest if we have strong beams on both side and in the middle part,My hypothesis that the bridge gonna be strongest if we have strong beams on both side and in the middle part,My hypothesis that the bridge gonna be strongest if we have strong beams on both side and in the middle part,BM1-s.wav,,BM1-v.wav,,,,,BM1v,,,,,,,,,
BMall,monologue, ,monologue,,BMall-s.wav,,BMall-v.wav,,,,,BM1v,"start=""sp1:start"" end=""sp1:start+11.5""/><animation name=""BM2v"" start=""sp1:start+11.51"" end=""sp1:start+20""/><animation name=""BM3v"" start=""sp1:start+20.2"" end=""sp1:start+36""/><animation name=""BM4v"" start=""sp1:start+36.3"" end=""sp1:start+45""/><animation name=""BM5v"" start=""sp1:start+45.3"" end=""sp1:start+51""/><animation name=""BM6v"" start=""sp1:start+52.1"" end=""sp1:start+63""/><animation name=""BM7v"" start=""sp1:start+63.9"" end=""sp1:start+72""/><animation name=""BM8v"" start=""sp1:start+73"" end=""sp1:start+82.2""/><animation name=""BM9v"" start=""sp1:start+82.22"" end=""sp1:start+89""/><animation name=""BM10v"" start=""sp1:start+89.3"" end=""sp1:start+96.5""/><animation name=""BM11v"" start=""sp1:start+96.9"" end=""sp1:start+104.5""/><animation name=""BM12v"" start=""sp1:start+105.2"" end=""sp1:start+115.45""/><animation name=""BM13v"" start=""sp1:start+115.5"" end=""sp1:start+117.7""/><face type='FACS' au='45' amount='.3' stroke='sp1:start+13.2' end='sp1:start+14.8'/><face type='FACS' au='4' amount='.4' stroke='sp1:start+13.2' end='sp1:start+14.8'/><face type='FACS' au='2' amount='.25' stroke='sp1:start+15.5' end='sp1:start+16.3'/><face type='FACS' au='2' amount='.25' stroke='sp1:start+31.1' end='sp1:start+32'/><face type='FACS' au='4' amount='.3' stroke='sp1:start+66.6' end='sp1:start+68'/><face type='FACS' au='45' amount='1' stroke='sp1:start+67' end='sp1:start+68'/><face type='FACS' au='4' amount='.3' stroke='sp1:start+78.8' end='sp1:start+79.4'/><face type='FACS' au='45' amount='1' stroke='sp1:start+78.8' end='sp1:start+79.4'/><face type='FACS' au='2' amount='.25' stroke='sp1:start+100' end='sp1:start+101'/><face type='FACS' au='2' amount='.2' stroke='sp1:start+116.8' end='sp1:start+117.1'","/><animation name=""BM2v"" start=""sp1:start+9.2"" end=""sp1:start+16""/><animation name=""BM3v"" start=""sp1:start+16.3"" end=""sp1:start+26.5""/><animation name=""BM4v"" start=""sp1:start+27.6"" end=""sp1:start+34""/><animation name=""BM5v"" start=""sp1:start+34.2"" end=""sp1:start+38""/><animation name=""BM6v"" start=""sp1:start+38.4"" end=""sp1:start+48.05""/><animation name=""BM7v"" start=""sp1:start+49"" end=""sp1:start+55.08""/><animation name=""BM8v"" start=""sp1:start+55.1"" end=""sp1:start+61.6""/><animation name=""BM9v"" start=""sp1:start+61.65"" end=""sp1:start+67.1""/><animation name=""BM10v"" start=""sp1:start+67.6"" end=""sp1:start+73.64""/><animation name=""BM11v"" start=""sp1:start+73.95"" end=""sp1:start+79.33""/><animation name=""BM12v"" start=""sp1:start+79.7"" end=""sp1:start+88.4""/><animation name=""BM13v"" start=""sp1:start+89.3""/><face type='FACS' au='45' amount='.3' stroke='sp1:start+9.4' end='sp1:start+10.6'/><face type='FACS' au='4' amount='.4' stroke='sp1:start+9.4' end='sp1:start+10.6'/><face type='FACS' au='2' amount='.25' stroke='sp1:start+11.5' end='sp1:start+12.9'/><face type='FACS' au='2' amount='.25' stroke='sp1:start+47.2' end='sp1:start+48.1'/><face type='FACS' au='4' amount='.3' stroke='sp1:start+50' end='sp1:start+52'/><face type='FACS' au='45' amount='1' stroke='sp1:start+50.5' end='sp1:start+52'/><face type='FACS' au='4' amount='.3' stroke='sp1:start+58' end='sp1:start+59'/><face type='FACS' au='45' amount='1' stroke='sp1:start+58' end='sp1:start+59'/><face type='FACS' au='2' amount='.25' stroke='sp1:start+76' end='sp1:start+76.9'/><face type='FACS' au='2' amount='.2' stroke='sp1:start+90.5' end='sp1:start+91.1' ",,,,,,,
RP35,Do you think the red and green side beams should be um the same size across or is it better if they are um different?,,You think the red and green side beams should be um the same size across or is it better if they um different?,,,,,,,,,RP35v,"start=""sp1:start"" end=""sp1:start+11.1""/><face type='FACS' au='45' amount='.25' stroke='sp1:start+3.5' end='sp1:start+5.6'/><face type='FACS' au='4' amount='.4' stroke='sp1:start+3.5' end='sp1:start+5.6'/><face type='FACS' au='45' amount='.3' stroke='sp1:start+8.8' end='sp1:start+9.5'/><face type='FACS' au='4' amount='.3' stroke='sp1:start+8.8' end='sp1:start+9.5'",/><face type='FACS' au='45' amount='.25' stroke='sp1:start+2.3' end='sp1:start+4.6'/><face type='FACS' au='4' amount='.4' stroke='sp1:start+2.3' end='sp1:start+4.6'/><face type='FACS' au='45' amount='.3' stroke='sp1:start+7.7' end='sp1:start+8.5'/><face type='FACS' au='4' amount='.3' stroke='sp1:start+7.7' end='sp1:start+8.5',,,,,,,1
RP36,What do you think the side beams should look like in order to make the bridge um strongest?,,Whatchu think the side beams should look like in order to make the bridge um strongest?,,,,,,,,,RP36v,"start=""sp1:start"" end=""sp1:start+6.25""/><face type='FACS' au='45' amount='.25' stroke='sp1:start+3.6' end='sp1:start+5'/><face type='FACS' au='4' amount='.25' stroke='sp1:start+3.6' end='sp1:start+5'/><face type='FACS' au='2' amount='.25' stroke='sp1:start+5.2' end='sp1:start+6.1'",/><face type='FACS' au='45' amount='.25' stroke='sp1:start+3.8' end='sp1:start+5'/><face type='FACS' au='4' amount='.25' stroke='sp1:start+3.8' end='sp1:start+5'/><face type='FACS' au='2' amount='.25' stroke='sp1:start+5.1' end='sp1:start+6.2',,,,,,,1
RP37,How could we make those orange middle beams help make the bridge um even stronger?,,How can we make those orange middle beams help make the bridge even um stronger?,,,,,,,,,RP37v,"start=""sp1:start"" end=""sp1:start+6.45""/><face type='FACS' au='45' amount='.25' stroke='sp1:start+0' end='sp1:start+2.5'/><face type='FACS' au='4' amount='.25' stroke='sp1:start+0' end='sp1:start+2.5'/><face type='FACS' au='2' amount='.25' stroke='sp1:start+5.6' end='sp1:start+6.1'",/><face type='FACS' au='45' amount='.25' stroke='sp1:start+0' end='sp1:start+3.8'/><face type='FACS' au='4' amount='.25' stroke='sp1:start+0' end='sp1:start+3.8'/><face type='FACS' au='2' amount='.25' stroke='sp1:start+6.5' end='sp1:start+7.1',,,,,,,1
RP38,What is an idea for something we could do to help make the beams all um connect to each other?,,What's an idea for something we could do to help make the beam all um connect to each other?,,,,,,,,,RP38v,"start=""sp1:start"" end=""sp1:start+7.45""/><face type='FACS' au='45' amount='.25' stroke='sp1:start+4.4' end='sp1:start+5.5'/><face type='FACS' au='4' amount='.25' stroke='sp1:start+4.4' end='sp1:start+5.5'",/><face type='FACS' au='45' amount='.25' stroke='sp1:start+3.1' end='sp1:start+5'/><face type='FACS' au='4' amount='.25' stroke='sp1:start+3.1' end='sp1:start+5',,,,,,,1
RP39,"I think the bridge is going to be strongest if the side beams are like a triangle shape, like with a bigger base than at the top",,"I think the bridge gonna be strongest if the side beam is like a triangle shape, like with a more bigger base than the top part",,,,,,,,,RP39v,"start=""sp1:start"" end=""sp1:start+10.4""/><face type='FACS' au='2' amount='.25' stroke='sp1:start+5.3' end='sp1:start+6.4'/><face type='FACS' au='2' amount='.25' stroke='sp1:start+9.3' end='sp1:start+9.8'",/><face type='FACS' au='2' amount='.25' stroke='sp1:start+4.6' end='sp1:start+5.6'/><face type='FACS' au='2' amount='.25' stroke='sp1:start+8.2' end='sp1:start+8.7',,,,,,,1
RP40,I think the bridge can be strongest if all the beams are connected to each other with other beams because that way everything has more support,,I think the bridge can be strongest if all the beams are connected to each other with other beams cuz that way everything got more support,,,,,,,,,RP40v,"start=""sp1:start"" end=""sp1:start+10.75""/><face type='FACS' au='2' amount='.2' stroke='sp1:start+6.6' end='sp1:start+7.4'",/><face type='FACS' au='2' amount='.2' stroke='sp1:start+5.9' end='sp1:start+6.6',,,,,,,1
RP41,"I think that it makes it weak when there are beams that aren't connected on both side, like the orange beams, because there's nothing there to hold them up",,"I think that it make it weak when there are beams that aren't connected on both side, like the orange beam, because ain't nothing there to hold them up",,,,,,,,,RP41v,"start=""sp1:start"" end=""sp1:start+10.45""/><face type='FACS' au='2' amount='.3' stroke='sp1:start+6.9' end='sp1:start+7.7'/><face type='FACS' au='4' amount='.4' stroke='sp1:start+8.7' end='sp1:start+9.2'/><face type='FACS' au='45' amount='1' stroke='sp1:start+8.7' end='sp1:start+9.2'",/><face type='FACS' au='2' amount='.3' stroke='sp1:start+5.2' end='sp1:start+6'/><face type='FACS' au='4' amount='.4' stroke='sp1:start+7.2' end='sp1:start+7.8'/><face type='FACS' au='45' amount='1' stroke='sp1:start+7.2' end='sp1:start+7.8',,,,,,,1
RP42,"I think that those extra gray blocks on top just add on extra weight and they don't make the bridge any strudier, so it's gonna be better if we're able to take them off",,"I think that those extra gray blocks on top just add on extra weight and they don't make the bridge any more sturdy, so it's gonna be better if we able to take them off",,,,,,,,,RP42v,"start=""sp1:start"" end=""sp1:start+12.4""/><face type='FACS' au='2' amount='.2' stroke='sp1:start+4.3' end='sp1:start+5'/><face type='FACS' au='4' amount='.35' stroke='sp1:start+6.1' end='sp1:start+7.2'/><face type='FACS' au='45' amount='.2' stroke='sp1:start+6.1' end='sp1:start+7.2'",/><face type='FACS' au='2' amount='.2' stroke='sp1:start+4.1' end='sp1:start+4.7'/><face type='FACS' au='4' amount='.35' stroke='sp1:start+5.9' end='sp1:start+6.4'/><face type='FACS' au='45' amount='.2' stroke='sp1:start+5.9' end='sp1:start+6.4',,,,,,,1
RP44,My goal was to figure out how to make a bridge that was able to be strong enough to hold up more bags of weights,,My goal was to figure out how to make a bridge that was able to be strong enough to hold up more bag of weight,,,,,,,,,RP44v,"start=""sp1:start"" end=""sp1:start+11""/><face type='FACS' au='2' amount='.25' stroke='sp1:start+9' end='sp1:start+10.1'/><face type='FACS' au='4' amount='.3' stroke='sp1:start+4.1' end='sp1:start+6'/><face type='FACS' au='45' amount='.25' stroke='sp1:start+4.1' end='sp1:start+6'",/><face type='FACS' au='2' amount='.25' stroke='sp1:start+9' end='sp1:start+10'/><face type='FACS' au='4' amount='.3' stroke='sp1:start+4.1' end='sp1:start+6'/><face type='FACS' au='45' amount='.25' stroke='sp1:start+4.1' end='sp1:start+6',,,,,,,1
RP65,What do you think you would have to do to put three bags of weight on it?,Bridge,What do you fink you would hafta do to put three bag of weight on it?,,,,,,,,,RP65v,"start=""sp1:start"" end=""sp1:start+3.9""/><face type='FACS' au='4' amount='.3' stroke='sp1:start+0' end='sp1:start+2'/><face type='FACS' au='45' amount='.3' stroke='sp1:start+0' end='sp1:start+2'",/><face type='FACS' au='4' amount='.3' stroke='sp1:start+0' end='sp1:start+2'/><face type='FACS' au='45' amount='.3' stroke='sp1:start+0' end='sp1:start+2',,,,,,,
RP66,What is an idea for how you could make the bridge stay up even if it was like really windy?,Bridge,What is an idea for how you could make the bridge stay up even if it was like real windy?,,,,,,,,,RP66v,"start=""sp1:start"" end=""sp1:start+6.7""/><face type='FACS' au='4' amount='.3' stroke='sp1:start+0' end='sp1:start+2'/><face type='FACS' au='45' amount='.3' stroke='sp1:start+0' end='sp1:start+2'/><face type='FACS' au='2' amount='.3' stroke='sp1:start+5.5' end='sp1:start+6.3'",/><face type='FACS' au='4' amount='.3' stroke='sp1:start+0' end='sp1:start+2'/><face type='FACS' au='45' amount='.3' stroke='sp1:start+0' end='sp1:start+2'/><face type='FACS' au='2' amount='.3' stroke='sp1:start+4.5' end='sp1:start+5.3',,,,,,,
RP67,"I think if there was more weight on top, you'd have to make the top part even stronger, like by having more connecting pieces to support the middle from collapsing",Bridge,"I fink if dere was more weight on top, you'd gotta to make the top part even stronger, like by having more connecting pieces to support da middle from collapsing",,,,,,,,,RP67v,"start=""sp1:start"" end=""sp1:start+12.4""/><face type='FACS' au='4' amount='.3' stroke='sp1:start+0' end='sp1:start+3.8'/><face type='FACS' au='45' amount='.3' stroke='sp1:start+0' end='sp1:start+3.8'/><face type='FACS' au='2' amount='.3' stroke='sp1:start+11.3' end='sp1:start+12.1'",/><face type='FACS' au='4' amount='.3' stroke='sp1:start+0' end='sp1:start+3'/><face type='FACS' au='45' amount='.3' stroke='sp1:start+0' end='sp1:start+3'/><face type='FACS' au='2' amount='.3' stroke='sp1:start+10.2' end='sp1:start+11',,,,,,,
RP68,"Maybe if there was like supports on either side of it that connected up to the top of it, it wouldn't fall over Like  with a tent.",Bridge,"Maybe if there was like supports on either side of it that connected up to the top of it, it wouldn't fall over Like  with a tent.",,,,,,,,,RP68v,"start=""sp1:start"" end=""sp1:start+9""/><face type='FACS' au='4' amount='.3' stroke='sp1:start+2.4' end='sp1:start+3.9'/><face type='FACS' au='45' amount='.3' stroke='sp1:start+2.4' end='sp1:start+3.9'/><face type='FACS' au='2' amount='.3' stroke='sp1:start+8.3' end='sp1:start+8.8'",/><face type='FACS' au='4' amount='.3' stroke='sp1:start+2.4' end='sp1:start+3.6'/><face type='FACS' au='45' amount='.3' stroke='sp1:start+2.4' end='sp1:start+3.6'/><face type='FACS' au='2' amount='.3' stroke='sp1:start+9' end='sp1:start+9.6',,,,,,,
